{"_timestamp":1.7552937267070415e+09,"_step":5999,"Log IC Loss":-3.0183414728107794,"_wandb":{"runtime":124},"Log Data Loss":-5.857162967056652,"Log PDE Loss":-0.9806379006745937,"_runtime":124.642972283,"Log Loss":-4.644014641005393,"Log BC Loss":-2.741462128530446}