{"Log Data Loss":-9.595539956100856,"_runtime":134.778144373,"Log BC Loss":-7.369533418611696,"_timestamp":1.7532158582222943e+09,"Log Loss":-8.110181874821356,"Log PDE Loss":-4.252790861588167,"Log IC Loss":-6.66371709153769,"_wandb":{"runtime":134},"_step":5999}