{"Log IC Loss":-7.046426491694968,"Log PDE Loss":-2.3922851947533967,"Log Data Loss":-5.516418386388095,"_step":4999,"Log Loss":-4.655300819630912,"_timestamp":1.7506259475776901e+09,"_runtime":1844.829872,"Log BC Loss":-12.54011711400415,"_wandb":{"runtime":1845}}