{"Log BC Loss":-8.368543179760714,"Log Loss":-6.10195326267821,"Log Data Loss":-7.14666499951433,"_runtime":45.32090489,"Log PDE Loss":-2.4627460995113006,"Log IC Loss":-4.070581095662206,"_timestamp":1.7560621705250306e+09,"_wandb":{"runtime":45},"_step":5999}