{"Log Loss":-11.391986964418262,"Log ODE Loss":-8.552386922252763,"Log Data Loss":-11.409243955389059,"_timestamp":1.7527586666879814e+09,"_runtime":28.998119923,"_step":14999,"_wandb":{"runtime":29}}