{"Log Loss":-9.838088090419433,"Log ODE Loss":-9.357382183095075,"_wandb":{"runtime":17},"Log Data Loss":-9.839706611578157,"_timestamp":1.7569480853268828e+09,"_runtime":17.175703684,"_step":14999}