{"_wandb":{"runtime":133},"_timestamp":1.7552812666152399e+09,"_step":5999,"Log IC Loss":-3.050989055619877,"Log Data Loss":-6.289728865510707,"Log PDE Loss":-1.1782269403566807,"Log Loss":-4.892306674487551,"Log BC Loss":-2.885357147346552,"_runtime":133.376761424}