{"_wandb":{"runtime":5265},"_timestamp":1.750436662162102e+09,"Log PDE Loss":-5.599511316185356,"Log IC Loss":-3.026359833473562,"_step":2499,"Log Data Loss":-3.0789812366188114,"Log Loss":0.870234530344463,"_runtime":5263.7522291,"Log BC Loss":-6.390713970085879}