{"Log Data Loss":-11.413309751255461,"_wandb":{"runtime":29},"_timestamp":1.7527792854133987e+09,"_runtime":29.035195145,"_step":14999,"Log Loss":-11.368139518390395,"Log ODE Loss":-7.580201245461938}