{"_runtime":72.348198679,"_wandb":{"runtime":72},"Log IC Loss":-8.748118408212655,"_timestamp":1.751496394180249e+09,"Log BC Loss":-5.466763948629482,"Log Loss":-7.120104072979849,"Log Data Loss":-7.442754562382745,"_step":6999,"Log PDE Loss":-3.8229630403593093}