{"Log Loss":1.37127791591098,"Log PDE Loss":0.8595849191830015,"Log IC Loss":-3.4558253579531812,"Log BC Loss":-8.869511311238393,"_timestamp":1.7492514676190534e+09,"_wandb":{"runtime":519},"_runtime":518.339217833,"_step":565}