{"Log IC Loss":-8.703396556204282,"_runtime":133.47306195,"Log Loss":-7.433059153268972,"Log BC Loss":-7.398312907037628,"_step":5999,"Log PDE Loss":-4.441868785145594,"Log Data Loss":-7.80673702572341,"_wandb":{"runtime":133},"_timestamp":1.7551193741412826e+09}