{"Log Loss":-2.369465717803905,"Log IC Loss":-7.972275173245123,"_timestamp":1.7552802436897526e+09,"_runtime":191.503371426,"Log PDE Loss":-4.098268895916666,"_step":5999,"Log BC Loss":-7.084676848024424,"_wandb":{"runtime":191},"Log Data Loss":-2.372258482950632}