{"Log Data Loss":-8.348361645851377,"_wandb":{"runtime":133},"_runtime":133.407061844,"Log Loss":-7.777202574713178,"Log IC Loss":-8.675654562695897,"Log BC Loss":-7.388981992249574,"_timestamp":1.7551182195079622e+09,"_step":5999,"Log PDE Loss":-4.453812737063324}