{"Log Loss":-11.118534056114779,"Log ODE Loss":-9.061132904211846,"Log Data Loss":-11.12639045353321,"_timestamp":1.7539718055777278e+09,"_runtime":20.877355595,"_step":10218,"_wandb":{"runtime":21}}