{"_timestamp":1.7552638423021998e+09,"_runtime":147.505501192,"Log Data Loss":-5.095219490631366,"_wandb":{"runtime":147},"Log BC Loss":-7.30509753662539,"Log PDE Loss":-4.064806700237409,"Log Loss":-5.05216012712274,"Log IC Loss":-7.537768336076176,"_step":5999}