{"_step":14999,"_wandb":{"runtime":29},"Log Loss":-10.71716775463426,"Log ODE Loss":-5.291034858154773,"Log Data Loss":-10.974991601178116,"_timestamp":1.7527791517129033e+09,"_runtime":29.061610108}