{"Log Data Loss":-6.9079238150721,"_runtime":143.345682723,"Log PDE Loss":-1.5529074957375018,"Log IC Loss":-3.4249569771390505,"_wandb":{"runtime":143},"_timestamp":1.7552806812956698e+09,"Log BC Loss":-3.5863727793615388,"_step":5999,"Log Loss":-5.3439843042922055}