{"Log IC Loss":-7.845683588911999,"Log Data Loss":-4.217711189305701,"_runtime":130.431682908,"Log BC Loss":-7.207209047108237,"Log Loss":-4.196744404561904,"Log PDE Loss":-3.909279300455762,"_step":5999,"_timestamp":1.7552912065912898e+09,"_wandb":{"runtime":130}}