{"Log BC Loss":-3.4646633561590288,"Log Loss":-2.656603069632549,"Log PDE Loss":-0.6039149288820951,"_wandb":{"runtime":134},"Log IC Loss":-3.059541182180026,"_timestamp":1.7552811326494067e+09,"Log Data Loss":-2.7935379022959705,"_runtime":133.989439952,"_step":5999}