{"Log Data Loss":-10.193652108634133,"_timestamp":1.7532108676725652e+09,"_runtime":141.974304924,"Log IC Loss":-6.946381160128654,"_step":5999,"_wandb":{"runtime":142},"Log Loss":-8.410399203905161,"Log PDE Loss":-4.492059672556014,"Log BC Loss":-7.188854659846519}