{"_wandb":{"runtime":641},"_step":9999,"Log Loss":-6.625540564051601,"Log ODE Loss":-7.291004631668062,"Log Data Loss":-6.678312329888567,"_timestamp":1.7539844646520379e+09,"_runtime":641.79532085}