{"Log IC Loss":-5.885466934127241,"Log Loss":-5.4293385078593905,"_timestamp":1.7552646031325438e+09,"Log PDE Loss":-2.8165590899954807,"_step":5999,"Log BC Loss":-7.018018807686877,"Log Data Loss":-5.668780132095278,"_runtime":134.903641389,"_wandb":{"runtime":134}}