{"_step":1002,"Log IC Loss":-6.266750342628742,"_timestamp":1.7506964752340088e+09,"_wandb":{"runtime":25},"Log Data Loss":-7.683040504547189,"_runtime":24.2470187,"Log BC Loss":-4.589162274525628,"Log Loss":-6.415303096275896,"Log PDE Loss":-0.014365244859656899}