{"_runtime":50.610147653,"_step":49999,"Log Loss":-12.013701028255923,"Log ODE Loss":-15.60362673024395,"_wandb":{"runtime":50},"Log Data Loss":-12.336670183781527,"_timestamp":1.752691825607983e+09}