{"Log Loss":-7.290876719386803,"Log BC Loss":-6.821224522721922,"_wandb":{"runtime":138},"_timestamp":1.7570122217339983e+09,"Log IC Loss":-4.729893658816731,"_step":5999,"Log PDE Loss":-3.3162333523509533,"_runtime":138.256171094,"Log Data Loss":-10.17232940318054}