{"_step":5999,"Log BC Loss":-6.830021598965899,"_timestamp":1.7570163562117488e+09,"_wandb":{"runtime":137},"_runtime":137.450294879,"Log Loss":-7.288293403284509,"Log PDE Loss":-3.314788084765187,"Log IC Loss":-4.734480799782644,"Log Data Loss":-10.134441184326754}