{"_step":5999,"Log Loss":-7.040402806059815,"Log PDE Loss":-3.2269771810243606,"_runtime":130.02886731,"Log BC Loss":-6.7123845312354655,"_wandb":{"runtime":130},"Log Data Loss":-8.481631004898444,"_timestamp":1.7551207900333867e+09,"Log IC Loss":-5.095916025013308}