{"_wandb":{"runtime":392},"Log Data Loss":-5.086650115063241,"_timestamp":1.749221016502136e+09,"_runtime":392.265413617,"_step":9999,"Log Loss":-5.063376379768854,"Log ODE Loss":-4.230249134639869}