{"Log Loss":-10.729415231927279,"Log ODE Loss":-9.15507696984401,"Log Data Loss":-11.388653149960737,"_timestamp":1.7515717689882724e+09,"_runtime":80.346294186,"_wandb":{"runtime":80},"_step":9999}