{"_timestamp":1.7552823483289325e+09,"Log PDE Loss":-0.1877750137878172,"_wandb":{"runtime":130},"Log BC Loss":-2.446219089832805,"_step":5999,"Log IC Loss":-2.8909055854448975,"Log Loss":-2.1247535334482026,"_runtime":130.148616179,"Log Data Loss":-2.2480123921210025}