{"Log Loss":-7.698271276982412,"Log IC Loss":-8.666161924226975,"Log Data Loss":-8.21594852547091,"_timestamp":1.7552895088287823e+09,"_wandb":{"runtime":131},"_runtime":131.599700156,"Log PDE Loss":-4.44921861615951,"Log BC Loss":-7.3755148209812225,"_step":5999}