{"_timestamp":1.7507867501462731e+09,"Log IC Loss":-6.706246168113271,"Log BC Loss":-10.701417123798098,"Log PDE Loss":-4.401674529853043,"Predicted K":2.70194673538208,"_wandb":{"runtime":55},"Log Loss":-8.916595451793624,"Log Data Loss":-11.480416376876637,"_step":4999,"_runtime":55.030555909}