{"Log IC Loss":-6.251421410684448,"Predicted K":2.7149908542633057,"Log PDE Loss":-4.821299642989727,"_runtime":43.583040012,"_wandb":{"runtime":43},"_step":6999,"Log BC Loss":-11.6715804003332,"Log Loss":-9.188188881444619,"Log Data Loss":-10.832837425040477,"_timestamp":1.750948303379202e+09}