{"_runtime":178.988281148,"_step":5999,"_wandb":{"runtime":179},"Log BC Loss":-7.384396092283513,"Log IC Loss":-8.354456566932319,"_timestamp":1.7552790003124642e+09,"Log Loss":-3.3832022217324504,"Log PDE Loss":-4.341661387551393,"Log Data Loss":-3.3892248278358466}