{"_timestamp":1.7504481382886782e+09,"Log Data Loss":-2.7692273117321844,"Log IC Loss":-6.446688090721699,"_runtime":259.6017314,"_wandb":{"runtime":261},"Log Loss":-6.23634532624004,"Log BC Loss":-7.8986907541820575,"Log PDE Loss":-0.7726573731367816,"_step":99}