{"_wandb":{"runtime":56},"Log ODE Loss":-9.367744825266016,"Log Data Loss":-9.67427979410288,"Param Diff Sum":-5.060475147602419,"_timestamp":1.7526943719173484e+09,"_runtime":56.296830389,"_step":49999,"Log Loss":-9.546880157027523}