{"_runtime":85.61003496,"_step":49999,"_wandb":{"runtime":85},"Log Loss":-10.60654061809097,"Log ODE Loss":-10.243320924636896,"Log Data Loss":-10.761786231711636,"_timestamp":1.7526930263780982e+09}