{"Log Data Loss":-12.117675222334599,"_timestamp":1.7526925922420175e+09,"_runtime":50.387679764,"_step":49999,"_wandb":{"runtime":50},"Log Loss":-12.026544295196075,"Log ODE Loss":-12.164637050227267}