{"Log Data Loss":-8.716739689324692,"_timestamp":1.7539807659510088e+09,"_runtime":641.387032776,"_step":9999,"Log Loss":-8.55381680520475,"_wandb":{"runtime":641},"Log ODE Loss":-8.146065597669647}