{"Log BC Loss":-7.580005360839861,"_timestamp":1.753212146787616e+09,"_wandb":{"runtime":142},"_runtime":142.730804865,"Log Loss":-7.234927988216417,"_step":5999,"Log PDE Loss":-4.132695738642711,"Log Data Loss":-7.657679015458244,"Log IC Loss":-8.16045347515889}