{"_wandb":{"runtime":142},"_step":5999,"Log Loss":-7.564006255365842,"Log IC Loss":-8.527032722645677,"Log Data Loss":-8.109960764636291,"_runtime":142.067942162,"Log BC Loss":-7.107620011043782,"_timestamp":1.7570140888144133e+09,"Log PDE Loss":-4.277819455726791}