{"Log Loss":-10.272904827031175,"Log ODE Loss":-11.998856560731754,"Log Data Loss":-10.468924040825032,"_timestamp":1.752683507245012e+09,"_runtime":52.970397795,"_step":49999,"_wandb":{"runtime":52}}