{"Log BC Loss":-6.455946534841008,"_wandb":{"runtime":133},"_runtime":133.383126604,"Log IC Loss":-4.737542829186892,"_timestamp":1.7552782379299827e+09,"Log Loss":-6.767276755662793,"Log Data Loss":-8.156010282945651,"_step":5999,"Log PDE Loss":-2.9818211110008677}