{"Log Data Loss":-11.388653149960737,"_timestamp":1.75157269057481e+09,"_runtime":80.635806963,"_step":9999,"_wandb":{"runtime":80},"Log Loss":-10.729415231927279,"Log ODE Loss":-9.15507696984401}