{"Log Loss":-7.636295550852072,"Log IC Loss":-5.179886300660245,"Log BC Loss":-7.095699874930082,"Log PDE Loss":-3.647104859033601,"_timestamp":1.7551162257626996e+09,"_runtime":134.35026203,"_step":5999,"_wandb":{"runtime":134},"Log Data Loss":-10.518096725237466}