{"Log IC Loss":-5.504780841023402,"_step":6999,"Log Data Loss":-4.199163961980921,"_wandb":{"runtime":208},"_runtime":208.641920113,"Log Loss":-3.6859324618372606,"Log PDE Loss":-5.129685141692939,"_timestamp":1.7515535470211577e+09,"Log BC Loss":-9.433972102549594}