{"_runtime":140.055114141,"Log Loss":-2.8319445703393895,"Log PDE Loss":-3.096303249088197,"Log IC Loss":-6.794274718870062,"Log Data Loss":-2.8439814036385163,"_step":5999,"Log BC Loss":-6.485318684114075,"_wandb":{"runtime":140},"_timestamp":1.757019080004374e+09}