{"Log BC Loss":-7.79265543133128,"Log Loss":-7.271441360217963,"_step":5999,"Log PDE Loss":-4.370396210514739,"Log Data Loss":-7.59996245102139,"_wandb":{"runtime":181},"_timestamp":1.7532142696191866e+09,"_runtime":181.695146824,"Log IC Loss":-9.411012515555441}