{"_wandb":{"runtime":39},"Log PDE Loss":1.000088900581841e-12,"Log Loss":-6.306104081592097,"_timestamp":1.7537319083967917e+09,"_step":1000,"Log IC Loss":-10.030333196864596,"Log Data Loss":-6.330531742778662,"Log BC Loss":1.000088900581841e-12,"_runtime":34.544565884}