{"_wandb":{"runtime":106},"Log BC Loss":-4.876962128370239,"Log PDE Loss":-0.700310431704504,"_timestamp":1.7537339627063324e+09,"Log Loss":-5.797246837297696,"Log IC Loss":-8.102446377146673,"_runtime":105.684801942,"_step":1153,"Log Data Loss":-6.009289117903112}