{"_wandb":{"runtime":120},"_runtime":120.40363051,"Log Loss":-4.742151816445044,"Log PDE Loss":-3.9793400388773916,"Log IC Loss":-7.762694797328102,"_timestamp":1.7552053841236112e+09,"_step":5999,"Log BC Loss":-7.38839992005619,"Log Data Loss":-4.776082423227641}