{"_runtime":29.953737211,"_step":14999,"Log Loss":-11.088527293481441,"Log ODE Loss":-7.621781186271455,"_wandb":{"runtime":29},"Log Data Loss":-11.12108386043546,"_timestamp":1.7539728358423066e+09}