{"Log IC Loss":-6.992380688837659,"Log BC Loss":-7.336738509528571,"Log Loss":-4.073628177626248,"Log Data Loss":-4.0990990579166375,"_timestamp":1.755266254338469e+09,"_runtime":139.004915997,"_step":5999,"Log PDE Loss":-3.594228331381045,"_wandb":{"runtime":139}}