{"Log Loss":-7.151960946676394,"Log IC Loss":-7.021827626141432,"_runtime":50.949342829,"_timestamp":1.7560637455944834e+09,"Log PDE Loss":-3.7222737016511585,"Log BC Loss":-10.212393871726494,"_wandb":{"runtime":50},"Log Data Loss":-7.796057519365149,"_step":5999}