{"_wandb":{"runtime":824},"_runtime":824.075373179,"_step":39999,"Log Loss":-8.752354174244752,"Log ODE Loss":-8.921674335592865,"Log IC Loss":-14.678732692118524,"Log Data Loss":-10.629061845893908,"_timestamp":1.7549388897703617e+09}