{"_step":39999,"Log Loss":-9.829872101359054,"Log ODE Loss":-10.120203693702075,"Log IC Loss":-13.636825115491337,"Log Data Loss":-11.30055396103912,"_wandb":{"runtime":698},"_timestamp":1.756952380466214e+09,"_runtime":698.231536442}