{"Log BC Loss":-5.73790314063143,"_wandb":{"runtime":138},"Log IC Loss":-5.426289287307004,"_runtime":138.720134958,"Log Data Loss":-1.4732256110027884,"_step":5999,"_timestamp":1.757021459326761e+09,"Log Loss":-1.4634369673290677,"Log PDE Loss":-1.9295422040320866}