{"Log IC Loss":-8.510501764406227,"_wandb":{"runtime":139},"Log Data Loss":-8.234387428344105,"_timestamp":1.7570154839012914e+09,"Log BC Loss":-7.10867561723018,"Log PDE Loss":-4.276843220097153,"_step":5999,"Log Loss":-7.633716752107369,"_runtime":139.040871413}