{"Log Loss":-0.9851168530479492,"_wandb":{"runtime":97},"Log ODE Loss":-5.4284958732650495,"Log IC Loss":-0.9970405670628559,"Log BC Loss":-10.228513668190137,"_timestamp":1.7492495982157767e+09,"_runtime":96.418862009,"_step":99}