{"_wandb":{"runtime":1125},"Log Loss":-5.619094818868509,"Log BC Loss":-6.172612826827831,"_runtime":1125.051229379,"_step":3199,"Log PDE Loss":-2.7757583893409588,"Log Data Loss":-8.294925419207308,"Log IC Loss":-8.378322897424743,"_timestamp":1.7540782091289384e+09}