{"Log Data Loss":-1.703605669526064,"Log Loss":-1.7017866959356798,"Log IC Loss":-7.66777320666919,"Log BC Loss":-7.240592239938817,"_timestamp":1.7552938982082143e+09,"_step":5999,"Log PDE Loss":-3.848884379111202,"_runtime":170.777900894,"_wandb":{"runtime":170}}