{"Log ODE Loss":-3.1261046931780667,"Log Data Loss":-10.499451616970264,"_timestamp":1.7527719960140224e+09,"_runtime":29.48361591,"_step":14999,"Log Loss":-9.546652910238521,"_wandb":{"runtime":29}}