{"_step":9851,"Log Loss":-8.591321343438288,"Log ODE Loss":-8.722010512473467,"Log IC Loss":-13.261368823662599,"Log Data Loss":-10.770471149129998,"_timestamp":1.7537195483886645e+09,"_runtime":1527.102488436,"_wandb":{"runtime":1527}}