{"_timestamp":1.7526806317851777e+09,"_runtime":53.163828854,"_step":49999,"Log Loss":-12.98271868521459,"Log ODE Loss":-14.267153667151518,"Log Data Loss":-13.30679771774674,"_wandb":{"runtime":53}}