{"Log Loss":-7.705822519852178,"_wandb":{"runtime":129},"_step":5999,"Log PDE Loss":-4.202593698471787,"Log BC Loss":-7.149911471728467,"_runtime":129.451958578,"Log IC Loss":-7.117681986298676,"Log Data Loss":-8.468919969652037,"_timestamp":1.755118349687369e+09}