{"_wandb":{"runtime":495},"Log ODE Loss":-4.758093320565488,"Log IC Loss":-12.369266523285999,"Log Data Loss":-5.177462421223695,"_timestamp":1.753717995096932e+09,"_runtime":494.630870329,"_step":4545,"Log Loss":-4.252507599065842}