{"Log BC Loss":-6.988996230883095,"_wandb":{"runtime":123},"_step":5999,"Log Loss":-6.269511858595113,"Log PDE Loss":-3.4436358971415655,"_runtime":123.532523016,"_timestamp":1.755197768065624e+09,"Log Data Loss":-6.579601361186258,"Log IC Loss":-6.418838243964969}