{"Log PDE Loss":-0.7288221320037852,"Log Data Loss":-5.729064657464268,"Log BC Loss":-2.0408542505021066,"_wandb":{"runtime":139},"_step":5999,"Log Loss":-4.378879980014814,"Log IC Loss":-2.5863436085890563,"_timestamp":1.7570223310790672e+09,"_runtime":139.068406349}