{"_runtime":176.567208754,"_step":5999,"Log IC Loss":-8.639957334362265,"_timestamp":1.7552778334561508e+09,"_wandb":{"runtime":176},"Log BC Loss":-7.397428611099885,"Log Loss":-5.48925898601248,"Log PDE Loss":-4.478419686811548,"Log Data Loss":-5.533347037151683}