{"Log Data Loss":-12.700709329766102,"Log BC Loss":-11.176133773168084,"_timestamp":1.7507862533088984e+09,"_wandb":{"runtime":53},"_runtime":52.951772117,"Log IC Loss":-6.076086371476534,"_step":4999,"Log PDE Loss":-4.507757181073948,"Predicted K":2.541940450668335,"Log Loss":-9.06544666424377}