{"_wandb":{"runtime":44},"_timestamp":1.7560647008801148e+09,"_step":5999,"Log Loss":-5.856175488666328,"Log IC Loss":-3.97620451874196,"Log BC Loss":-7.815878386533349,"Log PDE Loss":-1.7931847075824805,"Log Data Loss":-8.655708869570224,"_runtime":44.335205645}