{"Log Loss":-7.395228299591808,"_wandb":{"runtime":33},"Log ODE Loss":-6.172318284809797,"Log Data Loss":-7.810298243580929,"_timestamp":1.7540614690769756e+09,"_runtime":33.432151639,"_step":2461}