{"_step":1004,"_timestamp":1.753733793732989e+09,"Log PDE Loss":-0.023261674023755403,"Log Data Loss":-6.305794264186503,"_wandb":{"runtime":51},"Log Loss":-6.44273917295329,"Log IC Loss":-8.814638453299395,"Log BC Loss":-4.6481651528944905,"_runtime":49.288884219}