{"Log Data Loss":-7.1460775414388005,"Log BC Loss":-6.003787167028663,"_timestamp":1.7515596952737012e+09,"Log Loss":-6.7428266215560155,"Log PDE Loss":-4.557240237660083,"_step":3999,"_wandb":{"runtime":85},"Log IC Loss":-9.373005691197957,"_runtime":85.626219433}