{"Log ODE Loss":-9.430411398272094,"Log Data Loss":-11.966545818488546,"_timestamp":1.7556373652018836e+09,"_runtime":17.735759403,"_step":14999,"_wandb":{"runtime":17},"Log Loss":-11.953994185005508}