{"_wandb":{"runtime":53},"_timestamp":1.752685317751624e+09,"_runtime":53.678974107,"_step":49999,"Log Loss":-7.161731393107709,"Log ODE Loss":-7.852488024995194,"Log Data Loss":-7.8572747755419625}