{"_runtime":132.076003622,"Log PDE Loss":-4.0456819132899895,"Log IC Loss":-7.101984702530409,"_step":5999,"_timestamp":1.7552775229181745e+09,"Log Data Loss":-7.291504733812921,"Log Loss":-6.947246198688882,"_wandb":{"runtime":132},"Log BC Loss":-6.982979021977174}