{"Log Data Loss":-7.688623909959605,"_step":5999,"_runtime":138.251126251,"Log IC Loss":-9.426381701067939,"_wandb":{"runtime":138},"_timestamp":1.753213815113825e+09,"Log PDE Loss":-4.350894032077634,"Log BC Loss":-7.741629300353252,"Log Loss":-7.3284561278264215}