{"_wandb":{"runtime":17},"Log Loss":-10.003094157434086,"Log ODE Loss":-4.574862246974547,"Log Data Loss":-10.261536178151953,"_timestamp":1.7556322015102866e+09,"_runtime":17.639156961,"_step":14999}