{"_timestamp":1.7552817221754003e+09,"_step":5999,"Log IC Loss":-2.9138115741440997,"_wandb":{"runtime":137},"Log PDE Loss":-0.34835598355708836,"Log BC Loss":-2.9654675779216206,"_runtime":137.555874481,"Log Data Loss":-2.489220319522536,"Log Loss":-2.3578821900385685}