{"_wandb":{"runtime":135},"Log IC Loss":-8.51894337825564,"Log Data Loss":-7.836221889735518,"_timestamp":1.7532139510253277e+09,"Log Loss":-7.392177363892552,"_step":5999,"_runtime":135.001509398,"Log PDE Loss":-4.250671710609587,"Log BC Loss":-7.585502393986022}