{"Log Loss":-5.412222057963887,"_wandb":{"runtime":118},"Log IC Loss":-5.472931482785198,"_timestamp":1.755205502754525e+09,"Log Data Loss":-5.6438652402133,"Log BC Loss":-6.5705498471892465,"_runtime":118.111909829,"_step":5999,"Log PDE Loss":-2.8512818190066427}