{"Log Loss":-1.732586298640893,"Log Data Loss":-1.7429777519239573,"_step":5999,"Log IC Loss":-5.492090842638081,"_wandb":{"runtime":136},"Log BC Loss":-6.165416583908235,"_timestamp":1.7552815840209835e+09,"Log PDE Loss":-2.1394599594214725,"_runtime":136.343878295}