{"_step":5001,"_wandb":{"runtime":196},"Log Loss":-4.927778304504348,"Log ODE Loss":-4.716659584958872,"Log Data Loss":-4.940205822646341,"_timestamp":1.7492204053797135e+09,"_runtime":195.994628615}