{"_timestamp":1.7550307559964595e+09,"_step":5999,"Log BC Loss":-7.18760871305716,"_wandb":{"runtime":152},"Log Loss":-8.407396047879958,"Log IC Loss":-6.943801142547928,"Log PDE Loss":-4.488258877231716,"Log Data Loss":-10.193773780664747,"_runtime":152.244578615}