{"_wandb":{"runtime":79},"Log Loss":-9.067311529962408,"Log ODE Loss":-9.659620437480871,"Log Data Loss":-9.872617550815557,"_timestamp":1.7515741313139172e+09,"_runtime":79.847901424,"_step":9999}