{"_wandb":{"runtime":129},"Log PDE Loss":-4.211104017726303,"_timestamp":1.7570953682118635e+09,"_runtime":129.774109325,"Log Loss":-7.332069184960725,"_step":5999,"Log BC Loss":-5.3272865788862065,"Log Data Loss":-7.876187933115778,"Log IC Loss":-7.952248201322019}