{"_wandb":{"runtime":122},"Log Data Loss":-7.6321677243578065,"_timestamp":1.7515604561649764e+09,"_runtime":122.790370905,"Log IC Loss":-9.348166924490855,"Log PDE Loss":-4.304021444930342,"Log Loss":-7.2754055330068,"Log BC Loss":-7.783080811530101,"_step":3999}