{"Log IC Loss":-14.678732692118524,"_wandb":{"runtime":894},"Log Data Loss":-10.629061845893908,"_timestamp":1.754060870647014e+09,"_runtime":894.261582604,"_step":39999,"Log Loss":-8.752354174244752,"Log ODE Loss":-8.921674335592865}