{"Log ODE Loss":-12.933859036884328,"Log Data Loss":-11.78787760886992,"_timestamp":1.7526914112132776e+09,"_runtime":50.776680084,"_step":49999,"_wandb":{"runtime":50},"Log Loss":-11.511829149845642}