{"Log ODE Loss":-6.70025971545142,"Log Data Loss":-10.854740781871564,"_timestamp":1.7515714295651221e+09,"_runtime":110.217728565,"_step":9999,"_wandb":{"runtime":110},"Log Loss":-10.792969648856623}