{"_step":9999,"Log Loss":-10.38972369106146,"Log ODE Loss":-8.508202111661328,"Log Data Loss":-11.457850568452741,"_timestamp":1.7540561352956126e+09,"_wandb":{"runtime":81},"_runtime":81.171953155}