{"Log BC Loss":-6.3933885470119804,"_step":5999,"Log Loss":-4.774068215692153,"_wandb":{"runtime":135},"Log Data Loss":-4.874095688536028,"_runtime":135.91532688,"_timestamp":1.757018020973256e+09,"Log IC Loss":-5.831365113834242,"Log PDE Loss":-2.9852782722218154}