{"_step":5999,"Log Loss":-1.0250404187683475,"Log PDE Loss":-1.5406046351839102,"Log IC Loss":-5.258347216897561,"Log Data Loss":-1.0343279987533631,"_runtime":139.149912833,"_timestamp":1.7570226516163924e+09,"_wandb":{"runtime":139},"Log BC Loss":-5.279083610857906}