{"Log Loss":-6.275081743866725,"Log BC Loss":-6.324391053943854,"_step":5999,"_runtime":147.538511877,"Log PDE Loss":-2.368087687124549,"_wandb":{"runtime":147},"Log Data Loss":-7.984007337391225,"_timestamp":1.7552641290784957e+09,"Log IC Loss":-4.431628913979078}