{"Log PDE Loss":-27.631021115928547,"Log Data Loss":-7.775724328131424,"Log Loss":-7.075498085209632,"Log IC Loss":-6.453965849093162,"_timestamp":1.750697081028083e+09,"_wandb":{"runtime":26},"_runtime":23.9366596,"Log BC Loss":-6.0312903782986655,"_step":1002}