{"_step":1000,"Log Loss":-7.309253158589364,"Log PDE Loss":1.000088900581841e-12,"_runtime":12.4320602,"Log Data Loss":-7.309253160083425,"_wandb":{"runtime":13},"_timestamp":1.7506954474503906e+09,"Log IC Loss":1.000088900581841e-12,"Log BC Loss":1.000088900581841e-12}