{"_timestamp":1.7533729688648336e+09,"Log PDE Loss":-4.876840650302197,"Log Loss":-7.651568881801832,"Log BC Loss":-12.88043346039129,"_runtime":1302.681840777,"Log IC Loss":-10.934166819435061,"Log Data Loss":-5.053402029864791,"_step":3199,"_wandb":{"runtime":1302}}