{"_timestamp":1.7526928855771372e+09,"_runtime":53.456310237,"_wandb":{"runtime":53},"_step":49999,"Log Loss":-10.596708393762134,"Log ODE Loss":-10.217949610499812,"Log Data Loss":-10.754587614995835}