{"Log ODE Loss":-3.5762291704060223,"Log Data Loss":-10.45757080805837,"_timestamp":1.7539740651359088e+09,"_runtime":30.042423483,"_step":14999,"Log Loss":-9.77754319522452,"_wandb":{"runtime":30}}