{"_runtime":28.280820315,"_step":14999,"_wandb":{"runtime":28},"Log Loss":-10.90791687147109,"Log ODE Loss":-5.64024254213826,"Log Data Loss":-11.123544118812623,"_timestamp":1.753972996179495e+09}