{"_wandb":{"runtime":137},"_timestamp":1.7551190625158677e+09,"Log Data Loss":-10.370292041676453,"_runtime":137.278180286,"_step":5999,"Log IC Loss":-5.199747800784035,"Log Loss":-7.633222807044472,"Log BC Loss":-7.041709816794307,"Log PDE Loss":-3.652683282193943}