{"Log PDE Loss":-3.6973089151200984,"_runtime":121.909914308,"_wandb":{"runtime":121},"Log Loss":-4.245726562672151,"Log Data Loss":-4.272901150370168,"_step":5999,"Log BC Loss":-7.44161276669553,"_timestamp":1.755206409195478e+09,"Log IC Loss":-7.365437387145298}