{"Log Data Loss":-6.005749033912097,"_timestamp":1.7552049912238636e+09,"Log IC Loss":-6.317121224962679,"_wandb":{"runtime":117},"_step":5999,"_runtime":117.893602553,"Log Loss":-5.750197418096281,"Log PDE Loss":-3.0789554063005995,"Log BC Loss":-6.964403020635259}