{"Log Data Loss":-8.655708869570224,"_runtime":45.046371215,"_wandb":{"runtime":45},"_timestamp":1.7560641785926607e+09,"_step":5999,"Log IC Loss":-3.97620451874196,"Log PDE Loss":-1.7931847075824805,"Log BC Loss":-7.815878386533349,"Log Loss":-5.856175488666328}