{"_wandb":{"runtime":135},"Log IC Loss":-8.269221876389258,"_timestamp":1.753215131822938e+09,"_step":5999,"Log BC Loss":-7.578423841510376,"Log Data Loss":-7.656500223223143,"_runtime":135.150706419,"Log Loss":-7.251536918256317,"Log PDE Loss":-4.184499056827499}