{"_step":5999,"Log Loss":-7.5262030069580454,"_runtime":140.388110788,"_wandb":{"runtime":140},"_timestamp":1.757014229721712e+09,"Log PDE Loss":-4.0519577640509565,"Log BC Loss":-6.816871578494775,"Log Data Loss":-8.270450788809981,"Log IC Loss":-6.809326654749999}