{"Log IC Loss":-2.40920882592857,"_runtime":135.456220549,"Log BC Loss":-1.7639924928030282,"Log Data Loss":-5.546700369727516,"Log Loss":-4.177528080265066,"Log PDE Loss":-0.5306192925241885,"_step":5999,"_wandb":{"runtime":135},"_timestamp":1.75702292415795e+09}