{"Log BC Loss":-7.447548413400841,"Log Loss":-4.054479990319842,"_timestamp":1.7552067998191764e+09,"_runtime":152.400512127,"_step":5999,"_wandb":{"runtime":152},"Log Data Loss":-4.066194802286424,"Log PDE Loss":-4.3490622114420985,"Log IC Loss":-8.339219509200664}