{"Log IC Loss":-5.016085620471133,"Log Data Loss":-7.73550954503945,"_runtime":44.443580789,"_wandb":{"runtime":44},"_step":5999,"Log PDE Loss":-3.0296187474235476,"Log BC Loss":-9.16642059486943,"_timestamp":1.7560633031638756e+09,"Log Loss":-6.70123732660849}