{"Log PDE Loss":-4.422670753710823,"Log Data Loss":-7.528228898339617,"_runtime":122.298068416,"_timestamp":1.7515545492491188e+09,"Log Loss":-5.538330785609493,"_wandb":{"runtime":122},"Log BC Loss":-7.940606467201137,"Log IC Loss":-9.335306657605033,"_step":3999}