{"Log PDE Loss":-4.114769393277918,"Log IC Loss":-7.537708226871941,"_step":499,"Log Data Loss":-2.5050919733795056,"_wandb":{"runtime":224},"_runtime":224.1054241,"Log BC Loss":-8.833339286711437,"_timestamp":1.7504487788624249e+09,"Log Loss":-6.069911386886442}