{"_step":14999,"Log Loss":-11.36968350903407,"Log ODE Loss":-8.622572528737152,"Log Data Loss":-11.385403905734844,"_timestamp":1.7527795442078745e+09,"_wandb":{"runtime":29},"_runtime":29.707885239}