{"Log IC Loss":-7.81082191465554,"Log Data Loss":-4.209231256430396,"_runtime":138.795221469,"Log BC Loss":-6.9067970105952865,"_step":5999,"Log Loss":-4.186417864296656,"Log PDE Loss":-3.820388056057049,"_timestamp":1.7570178843113067e+09,"_wandb":{"runtime":138}}