{"Log IC Loss":-10.499057349481038,"_runtime":2835.885468234,"Log PDE Loss":-4.5248178766777505,"Log BC Loss":-4.406409429341047,"Log Data Loss":-7.681327107663304,"_wandb":{"runtime":2835},"_timestamp":1.755530396564497e+09,"Log Loss":-6.86051267445869,"_step":5199}