{"_step":5999,"Log Data Loss":-5.215048930881525,"_wandb":{"runtime":118},"_timestamp":1.7552065278949358e+09,"Log PDE Loss":-2.5363869759435143,"_runtime":118.081482756,"Log IC Loss":-5.68472969287963,"Log BC Loss":-6.677618649952675,"Log Loss":-5.010434124291754}