{"Log Loss":-7.633716752107369,"_timestamp":1.7570119335552278e+09,"_wandb":{"runtime":143},"Log BC Loss":-7.10867561723018,"Log Data Loss":-8.234387428344105,"_runtime":143.101357798,"Log IC Loss":-8.510501764406227,"Log PDE Loss":-4.276843220097153,"_step":5999}