{"Log IC Loss":-7.279801696277628,"Log BC Loss":-6.848208778787115,"_runtime":177.232419914,"Log Data Loss":-1.4340155808705053,"_timestamp":1.7552820832006874e+09,"Log Loss":-1.4323709597509877,"_step":5999,"Log PDE Loss":-3.6893663786775046,"_wandb":{"runtime":177}}