{"Log BC Loss":-6.4718443642795815,"_step":1320,"_timestamp":1.7570133945019162e+09,"Log Data Loss":-6.945282842057977,"_runtime":49.754321335,"Log Loss":-5.7553485685529315,"Log IC Loss":-5.811840934009333,"Log PDE Loss":-1.939214915449999,"_wandb":{"runtime":50}}