{"_step":6999,"Log PDE Loss":-4.4787725433447285,"Log IC Loss":-9.518574961788882,"Log BC Loss":-7.953081042673427,"Log Data Loss":-7.599344824628738,"_runtime":206.309071466,"_wandb":{"runtime":206},"_timestamp":1.75155428970132e+09,"Log Loss":-5.604533988070718}