{"_runtime":95.603730985,"Log BC Loss":-7.719131658006038,"Log Data Loss":-8.137138676880983,"_wandb":{"runtime":95},"Log PDE Loss":-4.057580125376735,"_timestamp":1.751564356303193e+09,"_step":3999,"Log Loss":-7.488849618884887,"Log IC Loss":-8.108881855034545}