{"Log BC Loss":-9.481614164694655,"_runtime":57.562443735,"Log Loss":-6.874782708668019,"Log IC Loss":-5.298155817482836,"_wandb":{"runtime":57},"_step":7999,"Log Data Loss":-7.93542498741177,"Log PDE Loss":-3.1781948946889127,"_timestamp":1.7560634675490525e+09}