{"Log Data Loss":-7.371576774910319,"Log Loss":-7.012643405443668,"Log IC Loss":-7.1168795368181845,"_timestamp":1.7552902041759186e+09,"_step":5999,"_runtime":128.184512931,"Log BC Loss":-7.113117054581043,"Log PDE Loss":-4.073393616795225,"_wandb":{"runtime":128}}