{"Predicted K":4.362624168395996,"_runtime":32.798405701,"_timestamp":1.7507732912133684e+09,"Log Loss":-5.097089595839986,"Log BC Loss":-9.361572237107767,"_wandb":{"runtime":32},"Log IC Loss":-5.306908478023687,"Log PDE Loss":-2.53392887133196,"Log Data Loss":-6.145950193457793,"_step":1999}