{"Log IC Loss":-8.540205349850863,"_step":5999,"_wandb":{"runtime":135},"_timestamp":1.751564565207977e+09,"_runtime":135.836573965,"Log Loss":-7.563808805830205,"Log Data Loss":-8.212790842769142,"Log BC Loss":-7.736111208772349,"Log PDE Loss":-4.129308568762782}