{"Log BC Loss":1.000088900581841e-12,"_runtime":34.417185373,"Log Loss":-6.306104081592097,"Log Data Loss":-6.330531742778662,"_step":1000,"_wandb":{"runtime":39},"_timestamp":1.753732929705931e+09,"Log PDE Loss":1.000088900581841e-12,"Log IC Loss":-10.030333196864596}