{"Log ODE Loss":-7.57996808097702,"Log Data Loss":-11.393399805521097,"_timestamp":1.7527711810308447e+09,"_runtime":29.633084495,"_step":14999,"_wandb":{"runtime":29},"Log Loss":-11.34909046970605}