{"Log IC Loss":-9.419984623311604,"_wandb":{"runtime":91},"_runtime":91.065808845,"Log Loss":-7.329128335351765,"Log BC Loss":-7.741051160900513,"_timestamp":1.7524312801532183e+09,"_step":5999,"Log Data Loss":-7.689909857807571,"Log PDE Loss":-4.350172217277767}