{"_timestamp":1.749221519274876e+09,"_runtime":11.981091804,"_step":9999,"_wandb":{"runtime":11},"Log Loss":-12.411929755814208,"Log ODE Loss":-10.310748621586466,"Log Data Loss":-14.113384770067242}