{"Log Loss":-5.896598711933171,"Log PDE Loss":-2.102509413972769,"_wandb":{"runtime":132},"_runtime":132.862792725,"Log IC Loss":-3.9105619192441976,"_timestamp":1.7552748451449442e+09,"_step":5999,"Log BC Loss":-5.770986847083367,"Log Data Loss":-7.285980017455462}