{"_step":5999,"Log BC Loss":-7.118200260056494,"_timestamp":1.7551195158885894e+09,"_wandb":{"runtime":141},"Log Data Loss":-8.189086481375956,"Log Loss":-7.550161670703766,"_runtime":141.15749953,"Log PDE Loss":-4.170043273700747,"Log IC Loss":-7.072445436558162}