{"Log Loss":-12.874476388208272,"Log ODE Loss":-7.62091962044624,"_wandb":{"runtime":11},"Log Data Loss":-13.086736013565801,"_timestamp":1.7492282847661943e+09,"_runtime":11.945886763,"_step":9999}