{"_step":5999,"Log PDE Loss":-4.350172217277767,"_wandb":{"runtime":150},"_timestamp":1.7524500683132362e+09,"Log Loss":-7.329128335351765,"Log BC Loss":-7.741051160900513,"Log Data Loss":-7.689909857807571,"_runtime":150.608254804,"Log IC Loss":-9.419984623311604}