{"_timestamp":1.7525861533774722e+09,"_runtime":148.265781422,"Log Loss":-7.393506514255362,"Log BC Loss":-7.577513293431928,"Log Data Loss":-7.8392840432929765,"_wandb":{"runtime":148},"_step":5999,"Log IC Loss":-8.52674230221617,"Log PDE Loss":-4.248967733504229}