{"Log IC Loss":-8.659316956940993,"_runtime":134.421686354,"_step":5999,"Log Loss":-7.679051602129714,"_timestamp":1.7551187922915423e+09,"Log BC Loss":-7.387396448370439,"Log Data Loss":-8.182368938415733,"Log PDE Loss":-4.451309637664818,"_wandb":{"runtime":134}}