{"_runtime":155.167178652,"_wandb":{"runtime":155},"_step":14999,"Log Loss":-8.990341083164743,"Log ODE Loss":-9.830311637896799,"Log Data Loss":-9.555487851939814,"_timestamp":1.751574329844027e+09}