{"Log PDE Loss":-0.7598001971223808,"_wandb":{"runtime":133},"_step":5999,"Log Data Loss":-5.776842277823542,"_timestamp":1.755281855789716e+09,"_runtime":133.023748073,"Log Loss":-4.44921112580433,"Log IC Loss":-2.7977454333743617,"Log BC Loss":-2.3398422838789568}