{"Log IC Loss":-6.490738042867235,"Log Data Loss":-7.842078121296353,"_step":1000,"Log PDE Loss":1.000088900581841e-12,"Log BC Loss":1.000088900581841e-12,"_runtime":16.708055,"_wandb":{"runtime":17},"_timestamp":1.7506986559482641e+09,"Log Loss":-7.838222994547492}