{"_runtime":8.401058873,"_step":95,"_wandb":{"runtime":8},"Log Loss":-0.5786862182648693,"Log ODE Loss":-0.1704322475485881,"Log Data Loss":-0.5801915153361178,"_timestamp":1.749415747625275e+09}