{"Log ODE Loss":-9.367744825266016,"Param Diff Sum":-5.060475147602419,"Param Diff Mean":-8.461672538441908,"_wandb":{"runtime":59},"_timestamp":1.7526945455811968e+09,"Log Loss":-9.546880157027523,"Log Data Loss":-9.67427979410288,"_runtime":59.708231307,"_step":49999}