{"Log BC Loss":-6.805508534527874,"Log Data Loss":-3.424405271482785,"Log PDE Loss":-3.457339932386559,"_runtime":131.685663009,"Log Loss":-3.4094163323120315,"Log IC Loss":-7.122670226106303,"_timestamp":1.7552917756502469e+09,"_wandb":{"runtime":131},"_step":5999}