{"Log PDE Loss":-4.358782454505873,"Log Loss":-6.2270184793043635,"_timestamp":1.7551205278733332e+09,"_wandb":{"runtime":131},"Log IC Loss":-8.37873326840897,"_step":5999,"_runtime":131.554932736,"Log BC Loss":-7.328010486748144,"Log Data Loss":-6.33420417337955}