{"_timestamp":1.7552809981224914e+09,"Log IC Loss":-6.05979799598166,"Log Data Loss":-2.04555604762438,"Log Loss":-2.035285420372907,"Log PDE Loss":-2.449884148990096,"_runtime":136.602085261,"_step":5999,"Log BC Loss":-6.376308060160721,"_wandb":{"runtime":136}}