{"Log BC Loss":-7.4239156278853455,"Log Data Loss":-8.340479412611433,"_step":5999,"Log Loss":-7.792939840559698,"_wandb":{"runtime":177},"Log IC Loss":-8.658571534503032,"Log PDE Loss":-4.502158077068221,"_timestamp":1.7551180854887323e+09,"_runtime":177.473070146}