{"_wandb":{"runtime":647},"Log IC Loss":-3.4553722112487426,"_runtime":646.346508775,"Log PDE Loss":1.7674763758921224,"_timestamp":1.7540732696499095e+09,"Log Data Loss":-2.8420297465044406,"_step":2001,"Log BC Loss":-4.499506351046046,"Log Loss":-1.430970094253706}