{"Log BC Loss":-5.209509018469028,"_wandb":{"runtime":2485},"Log Data Loss":-8.127748111625566,"Log Loss":-8.127748108238404,"_runtime":2485.7884342,"_step":2499,"Log PDE Loss":-1.3878387172774422,"_timestamp":1.7505471193170073e+09,"Log IC Loss":-7.504305771268196}