{"Log Data Loss":-11.816174782033222,"_timestamp":1.754057942283614e+09,"_wandb":{"runtime":588},"_runtime":588.694808881,"_step":39999,"Log Loss":-10.821276732913349,"Log ODE Loss":-11.290080661598928,"Log IC Loss":-16.227485467756228}