{"_timestamp":1.7552766692763188e+09,"Log PDE Loss":-4.501082241659624,"Log BC Loss":-7.421393520619186,"Log IC Loss":-8.645959635768817,"_runtime":184.114041083,"_step":5999,"Log Loss":-7.710210914263789,"Log Data Loss":-8.202270324503727,"_wandb":{"runtime":184}}