{"_timestamp":1.7540708372839458e+09,"_runtime":921.716460021,"_step":9999,"_wandb":{"runtime":921},"Log Loss":-5.763094446277874,"Log ODE Loss":-5.977108215949083,"Log Data Loss":-5.847273902562207}