{"_step":2499,"_timestamp":1.7504628179819784e+09,"Log Loss":-2.517063850232751,"Log PDE Loss":-4.627587603352673,"_wandb":{"runtime":5252},"Log IC Loss":-3.44398203670924,"Log BC Loss":-9.792863772701702,"Log Data Loss":-3.246124602595803,"_runtime":5250.4869762}