{"Log Data Loss":-8.25388886474839,"Log IC Loss":-6.813002360068426,"_timestamp":1.7570126877698581e+09,"Log Loss":-7.513065853367327,"Log PDE Loss":-4.0407158967130306,"_runtime":138.233130211,"Log BC Loss":-6.822194529135974,"_step":5999,"_wandb":{"runtime":138}}