{"Log BC Loss":-11.239206722817604,"_step":4999,"Log IC Loss":-7.313361677774607,"_wandb":{"runtime":33},"_runtime":33.644979564,"Predicted K":2.718940258026123,"Log Data Loss":-10.765950802498933,"_timestamp":1.7509476481156204e+09,"Log Loss":-9.189784119443683,"Log PDE Loss":-4.824681152676398}