{"_runtime":157.378385122,"Log IC Loss":-6.80835818804886,"_timestamp":1.755627969453208e+09,"Log PDE Loss":-4.045931570730937,"Log BC Loss":-6.819748727208417,"Log Data Loss":-8.321661875335835,"_wandb":{"runtime":157},"Log Loss":-7.547252894608011,"_step":5999}