{"_step":1000,"Log BC Loss":1.000088900581841e-12,"Log Data Loss":-6.330531742778662,"Log IC Loss":-10.030333196864596,"_wandb":{"runtime":40},"_runtime":35.332064866,"Log Loss":-6.306104081592097,"Log PDE Loss":1.000088900581841e-12,"_timestamp":1.7537317126821473e+09}