{"Log Loss":-9.962543678871635,"Log ODE Loss":-3.68878504481331,"Log Data Loss":-10.718561539863405,"_timestamp":1.753972212247642e+09,"_runtime":30.406762723,"_step":14999,"_wandb":{"runtime":30}}