{"Log BC Loss":-10.459672803788104,"Log Loss":-3.3134092890415605,"_timestamp":1.7540770834749732e+09,"Log IC Loss":-5.817301417460686,"Log PDE Loss":-2.621533482448256,"_runtime":1127.438672859,"_step":3199,"Log Data Loss":-3.5150831619580765,"_wandb":{"runtime":1127}}