{"_step":5999,"_wandb":{"runtime":133},"Log Data Loss":-10.132408800190822,"_timestamp":1.7532146754619172e+09,"Log Loss":-8.384435489530103,"_runtime":133.592051903,"Log BC Loss":-7.155432035519715,"Log PDE Loss":-4.475412743759769,"Log IC Loss":-6.904146937228989}