{"Log IC Loss":-7.715122262412082,"Log Data Loss":-4.228339505412615,"_step":5999,"_wandb":{"runtime":135},"_timestamp":1.7552785535021052e+09,"Log Loss":-4.206805193596078,"Log BC Loss":-7.006007592183628,"Log PDE Loss":-3.899514482568969,"_runtime":135.709902114}