{"_runtime":29.352687011,"_step":14999,"Log Loss":-9.962543678871635,"Log ODE Loss":-3.68878504481331,"Log Data Loss":-10.718561539863405,"_timestamp":1.7569484645903492e+09,"_wandb":{"runtime":29}}