{"_wandb":{"runtime":100},"Log IC Loss":-0.909464674355739,"Log BC Loss":-9.635478329249212,"_timestamp":1.7492498539249413e+09,"_runtime":99.472548097,"_step":99,"Log Loss":-0.8125758232158832,"Log ODE Loss":-3.196416580491686}