{"_wandb":{"runtime":39},"Log IC Loss":-10.030333196864596,"_step":1000,"Log PDE Loss":1.000088900581841e-12,"_timestamp":1.753732370143156e+09,"_runtime":34.800073233,"Log BC Loss":1.000088900581841e-12,"Log Data Loss":-6.330531742778662,"Log Loss":-6.306104081592097}