{"_timestamp":1.7570044237062306e+09,"_runtime":905.335960301,"_step":9999,"Log Loss":-7.020790178901293,"_wandb":{"runtime":905},"Log ODE Loss":-7.397526542621892,"Log Data Loss":-7.091867041311456}