{"_timestamp":1.7506973688993337e+09,"_runtime":23.4500466,"_step":1002,"Log BC Loss":-6.0312903782986655,"Log Data Loss":-7.775724328131424,"_wandb":{"runtime":25},"Log Loss":-7.075498085209632,"Log PDE Loss":-27.631021115928547,"Log IC Loss":-6.453965849093162}