{"Log ODE Loss":-6.314194061913185,"Log Data Loss":-11.406845368478473,"_timestamp":1.7527586025724266e+09,"_runtime":29.850448194,"_step":14999,"_wandb":{"runtime":29},"Log Loss":-11.390694422832027}