{"_step":6999,"_timestamp":1.7514944083103778e+09,"Log Loss":-7.120104072979849,"Log BC Loss":-5.466763948629482,"_runtime":75.633580532,"Log PDE Loss":-3.8229630403593093,"Log IC Loss":-8.748118408212655,"Predicted K":0.30777502059936523,"_wandb":{"runtime":75},"Log Data Loss":-7.442754562382745}