{"Log IC Loss":-5.188752513671696,"_timestamp":1.7551172217034447e+09,"Log Loss":-7.642276935646874,"_step":5999,"_wandb":{"runtime":130},"Log PDE Loss":-3.6514934601440916,"_runtime":130.54328325,"Log BC Loss":-7.091650913903053,"Log Data Loss":-10.544424219142977}