{"_step":5999,"Log PDE Loss":-4.213971615136441,"Log IC Loss":-8.935089043004139,"Log BC Loss":-7.816001512249407,"Log Data Loss":-6.2160054285211945,"_runtime":138.301962038,"Log Loss":-6.108281905402177,"_wandb":{"runtime":138},"_timestamp":1.7532161767329636e+09}