{"Log Loss":-7.566518161831512,"Log IC Loss":-8.469916609128648,"Log Data Loss":-8.090528491604895,"_wandb":{"runtime":186},"Log BC Loss":-7.1482852153525425,"_timestamp":1.7570139461329603e+09,"_runtime":186.715018327,"_step":5999,"Log PDE Loss":-4.311981073583603}