{"_timestamp":1.7526821681036441e+09,"_runtime":56.658917847,"_step":49999,"Log Loss":-3.436298196751292,"Log ODE Loss":-4.7572551301463175,"Log Data Loss":-3.7467438343305797,"_wandb":{"runtime":56}}