{"_timestamp":1.7526832202176244e+09,"_runtime":53.364443025,"_step":49999,"_wandb":{"runtime":53},"Log Loss":-10.272904827031175,"Log ODE Loss":-11.998856560731754,"Log Data Loss":-10.468924040825032}