{"_wandb":{"runtime":127},"Log Loss":-1.719848955064001,"Log PDE Loss":-2.150138104159651,"_timestamp":1.7552940265417259e+09,"_runtime":127.799522304,"_step":5999,"Log IC Loss":-5.7469044482208735,"Log BC Loss":-6.037125538559446,"Log Data Loss":-1.7299664097366854}