{"_runtime":179.366421587,"_step":4596,"Log Loss":-6.767449043788129,"Log ODE Loss":-5.0869971593372565,"Log Data Loss":-6.822623379345128,"_wandb":{"runtime":179},"_timestamp":1.749220599440402e+09}