{"_runtime":44.443905656,"_step":9999,"Log Loss":-9.889936300256718,"_wandb":{"runtime":44},"Log ODE Loss":-8.082041021055087,"Log Data Loss":-10.83092963344062,"_timestamp":1.752425058274041e+09}