{"_runtime":647.844200196,"_step":9999,"Log Loss":-6.5911594887428375,"Log ODE Loss":-7.513636680537193,"_wandb":{"runtime":647},"Log Data Loss":-6.6317245339759054,"_timestamp":1.7539925730747635e+09}