{"Log Data Loss":-5.067275052398508,"_timestamp":1.7552047507201626e+09,"Log IC Loss":-8.527727855381206,"_runtime":153.860327368,"_step":5999,"Log BC Loss":-7.418653811510134,"Log PDE Loss":-4.461697053988837,"_wandb":{"runtime":153},"Log Loss":-5.038929428137479}