{"Log BC Loss":1.000088900581841e-12,"Log IC Loss":1.000088900581841e-12,"_timestamp":1.7506955585839705e+09,"Log Loss":-7.309253158589364,"Log Data Loss":-7.309253160083425,"Log PDE Loss":1.000088900581841e-12,"_wandb":{"runtime":22},"_runtime":21.4727687,"_step":1000}