{"Log Data Loss":-3.673271395831902,"_step":1748,"Log Loss":-3.2079687571301516,"Log IC Loss":-4.961516662234877,"_timestamp":1.7515537982040212e+09,"_runtime":60.604256374,"Log BC Loss":-8.62912855225145,"_wandb":{"runtime":60},"Log PDE Loss":-4.845423267305745}