{"_wandb":{"runtime":130},"_runtime":130.013090319,"Log Loss":-2.4051531031133413,"Log PDE Loss":-2.801923909281592,"Log BC Loss":-6.3910328503516105,"_timestamp":1.7552929074110386e+09,"_step":5999,"Log IC Loss":-6.395440298561911,"Log Data Loss":-2.4156661993359245}