{"_timestamp":1.7492619333816311e+09,"_runtime":10441.383195288,"_wandb":{"runtime":10442},"_step":10999,"Log Loss":0.5505963915024574,"Log PDE Loss":0.22611012826820343,"Log IC Loss":-4.644926239966724,"Log BC Loss":-9.698890338792818}