{"Log Data Loss":-8.398273829158093,"_timestamp":1.755117663084459e+09,"Log Loss":-7.667003925441436,"Log IC Loss":-7.135070776222537,"Log PDE Loss":-4.191971144741887,"_runtime":129.549932574,"_wandb":{"runtime":129},"_step":5999,"Log BC Loss":-7.124847525091834}