{"Log ODE Loss":-7.351795116821008,"Log Data Loss":-10.815789500989796,"_timestamp":1.7570947835720685e+09,"_wandb":{"runtime":93},"_runtime":93.077055541,"_step":9999,"Log Loss":-9.382031541626997}