{"_runtime":38.944073896,"_step":24,"Log Loss":0.442261907286322,"Log PDE Loss":-6.679645994281159,"_wandb":{"runtime":40},"Log IC Loss":-1.861633510924789,"Log BC Loss":-7.15410346915078,"_timestamp":1.749400827225493e+09}