{"_step":9999,"Log Loss":-11.114310213617674,"Log ODE Loss":-9.636616875818254,"Log Data Loss":-11.69106633826028,"_timestamp":1.7515733717067506e+09,"_runtime":79.374288857,"_wandb":{"runtime":79}}