{"Log IC Loss":-5.7682123573288795,"Log Loss":-5.3574854122982085,"_timestamp":1.7514893438080392e+09,"_wandb":{"runtime":73},"Log BC Loss":-5.457873332325915,"Log Data Loss":-5.572221339029811,"_step":6999,"Predicted K":0.21626318991184235,"Log PDE Loss":-2.4042542532871334,"_runtime":73.210150748}