{"_timestamp":1.7552933442401783e+09,"Log BC Loss":-7.412502405362002,"Log PDE Loss":-3.9537921484592786,"Log IC Loss":-7.660272503843454,"_wandb":{"runtime":171},"Log Data Loss":-2.0072782043802877,"_step":5999,"Log Loss":-2.0050591448172983,"_runtime":171.91599101}