{"_timestamp":1.7551206594665375e+09,"Log IC Loss":-6.684046224614844,"Log PDE Loss":-3.763421341339754,"Log Data Loss":-7.063577382166433,"_step":5999,"Log BC Loss":-7.103211077386039,"Log Loss":-6.7052175381399834,"_wandb":{"runtime":131},"_runtime":130.986206509}