{"_timestamp":1.755291467141003e+09,"_step":5999,"_wandb":{"runtime":130},"Log Data Loss":-7.388509209298279,"_runtime":130.168105477,"Log Loss":-6.173042796898312,"Log PDE Loss":-2.4773440115984107,"Log IC Loss":-4.083622621544791,"Log BC Loss":-5.55675523702146}