{"Log PDE Loss":-3.132026168666389,"_runtime":129.413298891,"Log Data Loss":-2.854182153746257,"Log Loss":-2.8424722878089317,"Log BC Loss":-6.726569660050036,"_timestamp":1.7552923385887134e+09,"_step":5999,"Log IC Loss":-6.720322834180261,"_wandb":{"runtime":129}}