{"_step":9999,"_wandb":{"runtime":577},"Log Loss":-9.080126882475746,"Log ODE Loss":-7.9256895926127005,"Log Data Loss":-9.46171498910577,"_timestamp":1.7531981989744756e+09,"_runtime":577.320189483}