{"_runtime":129.273820109,"Log Loss":-5.787423852830245,"Log IC Loss":-8.25894707691401,"Log BC Loss":-7.316330462265049,"_wandb":{"runtime":129},"_step":5999,"Log PDE Loss":-4.266254653990465,"Log Data Loss":-5.861798232948689,"_timestamp":1.755197643937e+09}