{"_timestamp":1.7540596907236638e+09,"_runtime":731.275698562,"_step":39999,"_wandb":{"runtime":731},"Log Loss":-9.829872101359054,"Log ODE Loss":-10.120203693702075,"Log IC Loss":-13.636825115491337,"Log Data Loss":-11.30055396103912}