{"_runtime":1689.355744568,"_wandb":{"runtime":1691},"_step":1100,"Log Loss":-2.706800350383867,"Log PDE Loss":-2.839089922567227,"Log IC Loss":-8.730967165928702,"Log BC Loss":-8.538069481283301,"_timestamp":1.7493968713457825e+09}