{"Log IC Loss":-5.184252577823636,"Log Data Loss":-10.499181758312378,"_timestamp":1.7552770765046413e+09,"_step":5999,"_wandb":{"runtime":134},"Log BC Loss":-7.090281071457005,"_runtime":134.169152685,"Log Loss":-7.64016536414333,"Log PDE Loss":-3.652696504007032}