{"_timestamp":1.7492281251330357e+09,"_runtime":11.847048814,"_step":9999,"_wandb":{"runtime":11},"Log Loss":-12.874476388208272,"Log ODE Loss":-7.62091962044624,"Log Data Loss":-13.086736013565801}