{"_wandb":{"runtime":61},"Predicted K":4.831853866577148,"Log Data Loss":-6.856364822335307,"Log Loss":-6.317070213103139,"_timestamp":1.750773541959366e+09,"_step":4999,"Log PDE Loss":-2.5883956035302944,"_runtime":61.180536228,"Log IC Loss":-6.902813872011389,"Log BC Loss":-9.421653377130525}