{"Log BC Loss":-4.712398962726944,"_timestamp":1.7492494058584695e+09,"_runtime":1.927384086,"_step":0,"Log Loss":0.894448229426113,"Log ODE Loss":0.7080595030892359,"_wandb":{"runtime":2},"Log IC Loss":-0.8990538272968941}