{"_timestamp":1.75526579617401e+09,"Log Loss":-4.956161189858612,"Log Data Loss":-5.161998002392535,"_step":5999,"Log PDE Loss":-2.4784417131764496,"_wandb":{"runtime":137},"Log BC Loss":-6.8140384056773895,"_runtime":137.001908905,"Log IC Loss":-5.507271685347941}