{"_step":5999,"Log Loss":-2.1153823222683736,"Log IC Loss":-2.6596374225651056,"_timestamp":1.7552947043368363e+09,"_wandb":{"runtime":127},"Log Data Loss":-2.237330081812033,"Log PDE Loss":-0.18285988392461303,"Log BC Loss":-2.7317568095558205,"_runtime":127.188902988}