{"Log IC Loss":-4.695971298551581,"Log Loss":-4.0407864439389165,"Log Data Loss":-3.003437906095793,"_wandb":{"runtime":993},"_runtime":991.9649819,"_timestamp":1.750439755423686e+09,"Log BC Loss":-9.250305196679298,"_step":499,"Log PDE Loss":-2.4822426253796324}