{"_runtime":138.074102876,"Log Loss":-5.764220255900478,"_step":5999,"Log PDE Loss":-3.1342151028277683,"Log Data Loss":-6.012287144301211,"Log IC Loss":-5.883578128372651,"_wandb":{"runtime":138},"Log BC Loss":-7.069951982140087,"_timestamp":1.755263981005602e+09}