{"Log Data Loss":-7.251916979806709,"Log BC Loss":-5.88027990357953,"Log IC Loss":-9.475390758881908,"Log Loss":-5.288787641199429,"_timestamp":1.751559030180876e+09,"Log PDE Loss":-4.409000872764404,"_wandb":{"runtime":85},"_step":3999,"_runtime":85.024896693}