{"Log Loss":-6.7988612060999705,"Log PDE Loss":-3.0257268583365216,"Log BC Loss":-6.397002137090941,"Log IC Loss":-4.661681430968539,"_wandb":{"runtime":128},"_runtime":128.283675994,"Log Data Loss":-8.19498261249573,"_timestamp":1.7552908980542095e+09,"_step":5999}