{"_step":9999,"Log Loss":-6.540827846955392,"Log ODE Loss":-6.949505292570887,"_wandb":{"runtime":643},"Log Data Loss":-6.609591677424742,"_timestamp":1.7539834791082861e+09,"_runtime":643.848383005}