{"Predicted K":2.1623289585113525,"Log IC Loss":-5.501557320647532,"_timestamp":1.750784214833056e+09,"_wandb":{"runtime":18},"Log Loss":-6.369502667861778,"Log Data Loss":-7.558194699206789,"Log BC Loss":-8.839172417521318,"_step":524,"_runtime":18.479069602,"Log PDE Loss":-2.1311819206372307}