{"_runtime":691.817102937,"_step":39999,"Log Loss":-9.829872101359054,"Log ODE Loss":-10.120203693702075,"Log IC Loss":-13.636825115491337,"Log Data Loss":-11.30055396103912,"_timestamp":1.7569515519940228e+09,"_wandb":{"runtime":691}}