{"_step":4999,"_wandb":{"runtime":32},"_timestamp":1.7509477431873698e+09,"Log Loss":-9.202333323811171,"_runtime":32.764375916,"Predicted K":2.717912435531616,"Log IC Loss":-7.278674947861932,"Log Data Loss":-10.796811934222179,"Log BC Loss":-11.199595795001969,"Log PDE Loss":-4.832880480803693}