{"_runtime":151.82087595,"_step":5999,"Log IC Loss":-8.594908654580586,"Log Data Loss":-5.4241048804958485,"_wandb":{"runtime":151},"Log BC Loss":-7.4107381340529095,"Log Loss":-5.384199844299912,"_timestamp":1.7551980417204401e+09,"Log PDE Loss":-4.470629643350774}