{"_runtime":103.989018928,"_step":9999,"_wandb":{"runtime":104},"Log Loss":-11.016767375224434,"Log ODE Loss":-7.823595901175814,"Log Data Loss":-11.296026120723377,"_timestamp":1.751571644202338e+09}