{"_timestamp":1.75277126248137e+09,"_runtime":17.208635109,"_step":14999,"_wandb":{"runtime":17},"Log Loss":-12.936714691368781,"Log ODE Loss":-8.984649128757491,"Log Data Loss":-12.990160546976089}