{"_step":5999,"Log IC Loss":-7.115394838048617,"_runtime":134.829284311,"_wandb":{"runtime":134},"Log BC Loss":-7.1438218083437475,"Log PDE Loss":-4.209330863821272,"_timestamp":1.7552886300607178e+09,"Log Data Loss":-8.403932252043,"Log Loss":-7.678103875219671}