{"_timestamp":1.7526932248655992e+09,"_runtime":52.864423772,"_step":49999,"Log Loss":-10.603602202973613,"Log ODE Loss":-10.220909682947614,"_wandb":{"runtime":52},"Log Data Loss":-10.762155691376792}