{"Log Data Loss":-2.3724948018038643,"_step":5999,"Log BC Loss":-7.150647371565359,"_timestamp":1.755292776830656e+09,"_wandb":{"runtime":182},"Log IC Loss":-8.013700537270234,"Log Loss":-2.369771098185502,"_runtime":182.705164067,"Log PDE Loss":-4.122026345177831}