{"Log Data Loss":-2.817588737712714,"Log PDE Loss":-4.250667659871082,"Log Loss":-2.8138396119708675,"Log IC Loss":-8.04882792833553,"Log BC Loss":-7.206964851062041,"_timestamp":1.7552796182885861e+09,"_wandb":{"runtime":191},"_runtime":191.775448038,"_step":5999}