{"Log Loss":-0.9847990030523897,"Log BC Loss":-7.12689941196989,"_wandb":{"runtime":180},"_timestamp":1.7570225117418616e+09,"Log PDE Loss":-3.436160693790942,"_runtime":180.090261208,"_step":5999,"Log Data Loss":-0.9861348442197355,"Log IC Loss":-7.160132114593879}