{"_timestamp":1.7526844762043371e+09,"_runtime":53.857338803,"_step":49999,"Log Loss":-10.377423448852024,"Log ODE Loss":-12.020383792184461,"_wandb":{"runtime":53},"Log Data Loss":-10.592359028028307}