{"Param Diff Sum":0.0045190416276454926,"_timestamp":1.752693909932914e+09,"_runtime":54.418509594,"_step":44813,"Log Loss":-10.275969341332543,"Log ODE Loss":-9.899175406214033,"Log Data Loss":-10.43351290651276,"_wandb":{"runtime":54}}