{"Log Loss":-5.6031820552387,"Log ODE Loss":-6.041454283843055,"Log IC Loss":-11.706684381205413,"_wandb":{"runtime":223},"Log Data Loss":-6.645560992607644,"_timestamp":1.7537201053830779e+09,"_runtime":223.389857528,"_step":11514}