{"Log IC Loss":-4.717054160030649,"Log BC Loss":-6.576373048640868,"_timestamp":1.757016963155384e+09,"Log Data Loss":-9.285134710900165,"_wandb":{"runtime":138},"_step":5999,"Log PDE Loss":-2.6516669890137865,"_runtime":138.329562028,"Log Loss":-6.681305066649679}