{"Log PDE Loss":-4.501316589853765,"Log Loss":-7.796382884703351,"_timestamp":1.7551153790386732e+09,"_wandb":{"runtime":185},"Log Data Loss":-8.347076802439624,"_runtime":185.571114416,"Log IC Loss":-8.652765965722802,"Log BC Loss":-7.423755786224798,"_step":5999}