{"Log Data Loss":-7.842078121296353,"_runtime":24.0650832,"_step":1000,"_timestamp":1.7507081527145042e+09,"Log Loss":-7.838222994547492,"_wandb":{"runtime":26},"Log PDE Loss":1.000088900581841e-12,"Log BC Loss":1.000088900581841e-12,"Log IC Loss":-6.490738042867235}