{"_wandb":{"runtime":27},"Log Loss":-13.554287654620683,"Log ODE Loss":-12.750696714850408,"Log Data Loss":-13.807059196877915,"_timestamp":1.7526801647399337e+09,"_runtime":27.716379229,"_step":24999}