{"Log IC Loss":-16.227485467756228,"Log Data Loss":-11.816174782033222,"_timestamp":1.7569500655366151e+09,"_runtime":600.564156419,"_step":39999,"Log Loss":-10.821276732913349,"Log ODE Loss":-11.290080661598928,"_wandb":{"runtime":600}}