{"Log IC Loss":-8.636085058870837,"Log BC Loss":-7.410163080173876,"_step":5999,"_timestamp":1.7552905057742424e+09,"Log PDE Loss":-4.48176895875172,"Log Loss":-5.4824747389580555,"_wandb":{"runtime":172},"Log Data Loss":-5.5260973649060805,"_runtime":172.740502714}