{"_wandb":{"runtime":133},"Log Loss":-6.060019994204245,"Log BC Loss":-6.699981059581101,"_timestamp":1.7552781039017186e+09,"_runtime":133.260459626,"_step":5999,"Log PDE Loss":-3.782736017223625,"Log Data Loss":-6.231814741042594,"Log IC Loss":-6.518501224941166}