{"Log PDE Loss":-4.219204017200064,"Log BC Loss":-7.255249279379342,"_wandb":{"runtime":173},"Log Loss":-2.8118467819600275,"_timestamp":1.7552922085978608e+09,"_step":5999,"Log Data Loss":-2.8156850053706526,"_runtime":173.37983814,"Log IC Loss":-8.296838481554385}