{"_timestamp":1.7515595770360146e+09,"Log BC Loss":-5.463715979419759,"_wandb":{"runtime":86},"Log Data Loss":-7.663455409033536,"_runtime":86.227931124,"Log Loss":-5.895067517089952,"_step":3999,"Log PDE Loss":-3.3227516128999275,"Log IC Loss":-8.697894436006287}