{"Log PDE Loss":-0.11352504705297072,"Log IC Loss":-7.83751839652753,"Log Data Loss":-5.620710120076703,"_step":1253,"Log Loss":-4.59865119718335,"_runtime":197.058563093,"_wandb":{"runtime":197},"Log BC Loss":-7.172051748684005,"_timestamp":1.754072604731217e+09}