{"Log BC Loss":-5.567078176801948,"Log Loss":-1.4739152350011748,"Log Data Loss":-1.4838306934070657,"_wandb":{"runtime":133},"_runtime":133.646584524,"_timestamp":1.755282217576694e+09,"Log IC Loss":-5.307870279525402,"_step":5999,"Log PDE Loss":-1.9324273728785584}