{"Log IC Loss":-8.243269903125043,"Log PDE Loss":-4.277216853647487,"_wandb":{"runtime":132},"_step":5999,"_timestamp":1.7552906392243333e+09,"Log Loss":-5.498223129689319,"Log Data Loss":-5.55275951447284,"_runtime":132.866278758,"Log BC Loss":-7.346861957609957}