{"_timestamp":1.7506985525065775e+09,"Log Loss":-7.838222994547492,"Log PDE Loss":1.000088900581841e-12,"Log BC Loss":1.000088900581841e-12,"_wandb":{"runtime":23},"_runtime":22.3047714,"Log IC Loss":-6.490738042867235,"Log Data Loss":-7.842078121296353,"_step":1000}