{"Log PDE Loss":-4.314445621199615,"Log BC Loss":-7.148465434395431,"Log IC Loss":-8.472204838051084,"Log Loss":-7.5680474907113044,"Log Data Loss":-8.091473967374558,"_runtime":185.227247709,"_wandb":{"runtime":185},"_timestamp":1.7570159421120234e+09,"_step":5999}