{"_wandb":{"runtime":178},"Log BC Loss":-7.406666574122473,"_runtime":178.495819613,"_step":5999,"Log Loss":-4.053930298841839,"Log IC Loss":-8.333463420160081,"_timestamp":1.7552744415779355e+09,"Log PDE Loss":-4.376007935605675,"Log Data Loss":-4.065353285164384}