{"Log Data Loss":-8.221559263327494,"Log PDE Loss":-4.3142776708590445,"_runtime":186.803354551,"_wandb":{"runtime":186},"Log Loss":-7.643091593658756,"Log BC Loss":-7.151782921115505,"_timestamp":1.7570153442138789e+09,"_step":5999,"Log IC Loss":-8.482388236761995}