{"_wandb":{"runtime":18},"Log PDE Loss":-3.3495880593733744,"Log BC Loss":-5.796965646055446,"Predicted K":0.14731146395206451,"Log IC Loss":-3.298886952512768,"Log Data Loss":-9.54326186052295,"_timestamp":1.750948135444978e+09,"Log Loss":-7.678579230586858,"_runtime":18.329608225,"_step":1999}