{"_step":5999,"Log BC Loss":-2.4774513847342696,"Log PDE Loss":-0.0009234041307442514,"_wandb":{"runtime":136},"_timestamp":1.7570221914488251e+09,"_runtime":136.386478901,"Log IC Loss":-2.956302802022769,"Log Loss":-1.9034208916956221,"Log Data Loss":-2.019573862694691}