{"_runtime":893.340035951,"_step":9999,"Log Loss":-5.763094446277874,"Log ODE Loss":-5.977108215949083,"Log Data Loss":-5.847273902562207,"_timestamp":1.7569949362714837e+09,"_wandb":{"runtime":893}}