{"_runtime":858.183894023,"_step":39999,"_wandb":{"runtime":858},"Log Loss":-8.752354174244752,"Log ODE Loss":-8.921674335592865,"Log IC Loss":-14.678732692118524,"Log Data Loss":-10.629061845893908,"_timestamp":1.756953335630322e+09}