{"Log BC Loss":-2.717454469697728,"Log PDE Loss":-0.9105386797620721,"_timestamp":1.755294278299841e+09,"Log Loss":-4.6316766649511045,"_runtime":126.055268051,"Log IC Loss":-2.9954061999078925,"Log Data Loss":-5.974325907147819,"_step":5999,"_wandb":{"runtime":126}}