{"Log Data Loss":-4.0415795429324675,"_timestamp":1.754063425633798e+09,"_runtime":1002.93062952,"_step":9999,"_wandb":{"runtime":1002},"Log Loss":-4.034046599156952,"Log ODE Loss":-6.623701033960569}