{"_wandb":{"runtime":107},"Log Loss":-6.079817458915014,"Log Data Loss":-5.9639737710796705,"Log BC Loss":-4.709237973570686,"Log PDE Loss":-0.2551643453149846,"_runtime":103.545472896,"_step":1014,"Log IC Loss":-7.700965341890369,"_timestamp":1.7537334764382312e+09}