{"_wandb":{"runtime":29},"Log ODE Loss":-8.129523821284328,"Log Data Loss":-11.081704557379389,"_timestamp":1.7539723805450587e+09,"_runtime":29.317210585,"_step":14999,"Log Loss":-11.06273786931346}