{"Log Data Loss":-6.348260539440784,"_wandb":{"runtime":175},"Log BC Loss":-7.41878343841962,"Log PDE Loss":-4.494524847695878,"Log Loss":-6.2526772923104454,"_runtime":175.881890182,"_timestamp":1.7551203956212645e+09,"_step":5999,"Log IC Loss":-8.539477758709488}