{"_step":4999,"Log BC Loss":-7.4842774607187845,"_runtime":166.547630506,"Log Data Loss":-7.73139269288195,"_wandb":{"runtime":166},"Log Loss":-7.296702381952797,"Log PDE Loss":-3.7370353466589674,"Log IC Loss":-8.952273438706134,"_timestamp":1.7515513833784351e+09}