{"Log Data Loss":-8.46906266234097,"_step":5999,"Log IC Loss":-7.133038309643097,"Log PDE Loss":-4.209117055507978,"_wandb":{"runtime":135},"_timestamp":1.7551160241386714e+09,"_runtime":135.418110365,"Log Loss":-7.709380466816405,"Log BC Loss":-7.148217771137711}