{"Log Data Loss":0.7820102882033634,"_timestamp":1.7514729646861017e+09,"_runtime":3.211767101,"_step":1,"_wandb":{"runtime":3},"Log Loss":1.5769815466322417,"Log ODE Loss":-4.023301590806032,"Log IC Loss":0.9694779169140161}