{"_timestamp":1.7570130075615296e+09,"Log Loss":-6.563765942541396,"Log BC Loss":-7.153162342839621,"_step":5999,"_wandb":{"runtime":182},"Log IC Loss":-8.46317705478808,"Log Data Loss":-6.726069407340138,"_runtime":182.456623287,"Log PDE Loss":-4.310555544816876}