{"Log PDE Loss":-3.5684958349236067,"_runtime":178.829350657,"_timestamp":1.7552950106694028e+09,"_step":5999,"Log Loss":-1.196044966859292,"Log Data Loss":-1.197502991901199,"_wandb":{"runtime":178},"Log IC Loss":-7.165324651938195,"Log BC Loss":-6.920030473670974}