{"Log IC Loss":-5.811296343129098,"_step":5999,"Log BC Loss":-6.86994799280361,"Log Data Loss":-5.389562516599748,"_timestamp":1.7552651978673265e+09,"Log PDE Loss":-2.6679035525462256,"_runtime":136.240250186,"_wandb":{"runtime":136},"Log Loss":-5.176940140575027}