{"Log PDE Loss":-4.244599559141695,"Log BC Loss":-7.167214785175418,"Log Data Loss":-6.744904259146436,"_timestamp":1.757014695845912e+09,"_runtime":141.404661169,"Log IC Loss":-8.457858516456207,"_step":5999,"Log Loss":-6.56998356284753,"_wandb":{"runtime":141}}