{"Log Loss":-5.480601320728706,"Log IC Loss":-3.3079986603375278,"_timestamp":1.7552800515818722e+09,"_runtime":142.910806301,"Log BC Loss":-3.7962577603788703,"_step":5999,"Log PDE Loss":-1.7098045025451278,"Log Data Loss":-7.055251151466801,"_wandb":{"runtime":142}}