{"Log Data Loss":-7.748564496159174,"_runtime":203.696314568,"_wandb":{"runtime":203},"Log IC Loss":-9.154103523932665,"_timestamp":1.7515521586679716e+09,"Log Loss":-7.442569122666731,"_step":6999,"Log BC Loss":-7.564061235977948,"Log PDE Loss":-4.174736380283996}