{"_runtime":118.482290651,"_step":5999,"Log IC Loss":-6.183392895346137,"Log Data Loss":-6.181206915377606,"_timestamp":1.755198282136914e+09,"Log Loss":-5.922114890861733,"_wandb":{"runtime":118},"Log PDE Loss":-3.2523109215157198,"Log BC Loss":-6.84085318247828}