{"Log BC Loss":-2.9724880933859823,"Log Data Loss":-6.263232901547771,"_runtime":135.448379412,"_step":5999,"Log PDE Loss":-1.346254341879325,"Log IC Loss":-2.892697312514888,"_wandb":{"runtime":135},"_timestamp":1.7570199488961215e+09,"Log Loss":-4.979965922085584}