{"Log BC Loss":-7.151782921115505,"_timestamp":1.7570117897845445e+09,"Log PDE Loss":-4.3142776708590445,"Log IC Loss":-8.482388236761995,"_step":5999,"_wandb":{"runtime":194},"_runtime":194.344336784,"Log Loss":-7.643091593658756,"Log Data Loss":-8.221559263327494}