{"_timestamp":1.7539752637018678e+09,"_runtime":831.245986958,"_step":39999,"_wandb":{"runtime":831},"Log Loss":-7.413264741573934,"Log ODE Loss":-7.735821456368047,"Log IC Loss":-9.55096196346441,"Log Data Loss":-9.259824400925705}