{"Log Loss":-4.518527097448278,"Log Data Loss":-5.83586532238838,"_wandb":{"runtime":128},"Log PDE Loss":-0.8245997499575328,"_timestamp":1.755282477549325e+09,"Log IC Loss":-2.8329098460123077,"_runtime":128.38173682,"Log BC Loss":-2.5015135003888824,"_step":5999}