{"_step":5999,"Log BC Loss":-5.530237287922113,"Log Loss":-5.563148423190979,"_runtime":133.950011354,"Log IC Loss":-4.2243070061152235,"Log Data Loss":-6.528307379242178,"_wandb":{"runtime":133},"Log PDE Loss":-1.9245162674863905,"_timestamp":1.755266524750439e+09}