{"Log Data Loss":-4.187990948212914,"_wandb":{"runtime":181},"Log IC Loss":-8.447581532160712,"Log BC Loss":-7.1617834707544406,"_step":5999,"_timestamp":1.75701774480568e+09,"_runtime":181.466097564,"Log Loss":-4.173478855155127,"Log PDE Loss":-4.259449346272573}