{"Log Loss":-9.838088090419433,"Log ODE Loss":-9.357382183095075,"Log Data Loss":-9.839706611578157,"_timestamp":1.7539709599004295e+09,"_wandb":{"runtime":14},"_runtime":14.079345921,"_step":14999}