{"Log Loss":-10.954108869741274,"Log ODE Loss":-6.648396531733924,"Log Data Loss":-11.031121691878583,"_timestamp":1.7527789266484935e+09,"_runtime":29.877433576,"_step":14999,"_wandb":{"runtime":29}}