{"Log ODE Loss":-9.95050283111227,"Log Data Loss":-13.607997346319639,"_timestamp":1.752679973514465e+09,"_runtime":27.898315095,"_step":24999,"_wandb":{"runtime":27},"Log Loss":-13.280392151931238}