{"_runtime":134.311906291,"Log IC Loss":-6.130727884980386,"_timestamp":1.7532164474311123e+09,"Log BC Loss":-7.228052992369571,"_step":5999,"Log Loss":-7.2397377013810855,"_wandb":{"runtime":134},"Log PDE Loss":-3.6190977581363426,"Log Data Loss":-8.158163506086286}