{"Log BC Loss":-4.916360651404372,"_timestamp":1.749250942762656e+09,"_runtime":26.474196756,"_step":26,"Log Loss":3.3255855428581254,"Log PDE Loss":2.2915516619904133,"Log IC Loss":-1.0262349460638562,"_wandb":{"runtime":27}}