{"Log BC Loss":-7.412148877880525,"Log Data Loss":-5.83818132708392,"_step":5999,"_runtime":161.340390246,"Log Loss":-5.778347856400552,"Log PDE Loss":-4.470363798430403,"_wandb":{"runtime":161},"Log IC Loss":-8.517719552436679,"_timestamp":1.7551975140476265e+09}