{"Log Loss":-9.904712216223077,"Log ODE Loss":-10.44633175305426,"Log IC Loss":-13.986525795258064,"Log Data Loss":-10.817713525096519,"_wandb":{"runtime":5810},"_timestamp":1.7514787959333963e+09,"_runtime":5810.085870773,"_step":39999}