{"Log Loss":-9.966020611456086,"_wandb":{"runtime":4964},"Log ODE Loss":-10.344866469911588,"Log IC Loss":-16.353854104094,"Log Data Loss":-11.12544406726295,"_timestamp":1.7549442140208254e+09,"_runtime":4964.022053681,"_step":39999}