{"Log IC Loss":-7.223346822761268,"Log Loss":-3.410324615762246,"_wandb":{"runtime":138},"Log Data Loss":-3.4245740002344442,"_timestamp":1.7570184803231463e+09,"_step":5999,"_runtime":138.423702407,"Log PDE Loss":-3.506309908177867,"Log BC Loss":-6.915597720537268}