{"Log Loss":-7.043878540161462,"_wandb":{"runtime":130},"Log BC Loss":-6.972943724254445,"_timestamp":1.7551202191531637e+09,"Log PDE Loss":-3.1653513225133274,"_runtime":130.122290616,"_step":5999,"Log IC Loss":-4.984919699229924,"Log Data Loss":-8.72807998738654}