{"Log Data Loss":-14.281803455218869,"_timestamp":1.7526920165770445e+09,"_runtime":50.266717732,"_step":49999,"_wandb":{"runtime":50},"Log Loss":-14.056098560224605,"Log ODE Loss":-13.352771181522177}