{"_wandb":{"runtime":126},"Log PDE Loss":-1.523940730265509,"Log Data Loss":-6.803705164907939,"Log BC Loss":-3.61235661856801,"_runtime":126.766122934,"Log Loss":-5.309135637981838,"_step":5999,"Log IC Loss":-3.51027464858603,"_timestamp":1.755292593573181e+09}