{"Log Data Loss":-7.406830035234024,"_runtime":84.753117993,"_wandb":{"runtime":84},"Log Loss":-7.124592264659356,"Log IC Loss":-9.360405918211027,"Log PDE Loss":-4.11100527497203,"_step":3999,"Log BC Loss":-5.7079246227027856,"_timestamp":1.7515593502506754e+09}