{"Log Data Loss":-10.06013119517224,"Log Loss":-8.363941506911745,"Log IC Loss":-6.864534528727444,"Log BC Loss":-7.1619847530932255,"_step":5999,"_runtime":141.124919882,"_timestamp":1.7532106760233033e+09,"_wandb":{"runtime":141},"Log PDE Loss":-4.467285848901831}