{"_timestamp":1.7552920346427057e+09,"_runtime":128.437539019,"Log IC Loss":-3.688455218648372,"_wandb":{"runtime":128},"Log BC Loss":-4.325627401898984,"Log PDE Loss":-2.017609063764029,"_step":5999,"Log Loss":-5.8571859296627,"Log Data Loss":-7.636892265029275}