{"_step":9999,"Log Loss":-9.51850188234486,"Log ODE Loss":-7.68610602309981,"_wandb":{"runtime":80},"Log Data Loss":-10.499021976639405,"_timestamp":1.7515738298860736e+09,"_runtime":80.926315458}