{"Log Loss":-9.439061123310346,"Log ODE Loss":-7.93312553101733,"Log Data Loss":-10.03842102166524,"_timestamp":1.7539774897374845e+09,"_runtime":649.35961905,"_wandb":{"runtime":649},"_step":9999}