{"Log BC Loss":1.000088900581841e-12,"_step":1000,"Log Loss":-7.838222994547492,"Log Data Loss":-7.842078121296353,"_runtime":23.2698919,"_timestamp":1.750707443342157e+09,"_wandb":{"runtime":25},"Log IC Loss":-6.490738042867235,"Log PDE Loss":1.000088900581841e-12}