{"Log Loss":-7.838222994547492,"Log Data Loss":-7.842078121296353,"Log IC Loss":-6.490738042867235,"Log PDE Loss":1.000088900581841e-12,"_runtime":19.2692545,"Log BC Loss":1.000088900581841e-12,"_timestamp":1.7506988596001163e+09,"_wandb":{"runtime":21},"_step":1000}