{"Log PDE Loss":-4.2707152674471525,"Log BC Loss":-5.726208321116621,"Log Data Loss":-7.4109679208869235,"_timestamp":1.752599416173972e+09,"_runtime":133.372504271,"Log Loss":-7.073139166415424,"Log IC Loss":-9.418426510455433,"_step":5999,"_wandb":{"runtime":133}}