{"Log IC Loss":-8.486394868831663,"_wandb":{"runtime":184},"Log PDE Loss":-4.311693666285757,"_timestamp":1.757016541340366e+09,"Log BC Loss":-7.116852488695017,"_runtime":184.604589146,"Log Loss":-6.560944557763998,"Log Data Loss":-6.722761442241216,"_step":5999}