{"_timestamp":1.7491575416113899e+09,"_runtime":693.899451999,"_step":9999,"_wandb":{"runtime":693},"Log Loss":-7.303511495940267,"Log ODE Loss":-5.8388161498290145,"Log Data Loss":-7.347737425939996}