{"_runtime":16.2590984,"_wandb":{"runtime":17},"Log Data Loss":-7.842078121296353,"Log IC Loss":-6.490738042867235,"Log BC Loss":1.000088900581841e-12,"Log Loss":-7.838222994547492,"_step":1000,"Log PDE Loss":1.000088900581841e-12,"_timestamp":1.7506987766111755e+09}