{"Log IC Loss":-3.3179436164665335,"_runtime":136.639362713,"Log BC Loss":-3.5640702877756203,"_timestamp":1.7570204067502296e+09,"_step":5999,"Log Loss":-2.674935553986747,"_wandb":{"runtime":136},"Log Data Loss":-2.799530353588956,"Log PDE Loss":-0.7029103619974129}