{"Log PDE Loss":-4.190421749273491,"_wandb":{"runtime":131},"Log IC Loss":-7.1652193015979515,"Log Loss":-7.66439083436609,"Log BC Loss":-7.145585819934689,"_timestamp":1.7551189245149217e+09,"_runtime":131.551098353,"Log Data Loss":-8.392630670363882,"_step":5999}