{"_runtime":266.079713235,"_step":9999,"Log Loss":-8.418229021197208,"Log ODE Loss":-7.500907715790204,"Log Data Loss":-8.706254907054507,"_timestamp":1.7540619176604826e+09,"_wandb":{"runtime":266}}