{"Log IC Loss":-6.0572235820885405,"Log BC Loss":-6.5038256944364266,"_timestamp":1.755278686492271e+09,"_step":5999,"_runtime":132.415796314,"Log PDE Loss":-3.014700797195552,"_wandb":{"runtime":132},"Log Data Loss":-4.894658006176534,"Log Loss":-4.796238405154641}