{"_runtime":648.981698563,"_step":9999,"Log Loss":-6.303063119885495,"Log ODE Loss":-5.951440530045774,"Log Data Loss":-6.456374231682286,"_timestamp":1.7539800022812848e+09,"_wandb":{"runtime":649}}