{"_timestamp":1.7550300167458215e+09,"_step":5999,"Log PDE Loss":-4.370052792514155,"Log Loss":-7.2722994653516935,"Log IC Loss":-9.410800443572702,"_wandb":{"runtime":198},"Log BC Loss":-7.796386425861583,"Log Data Loss":-7.601254513941714,"_runtime":198.554704368}