{"Log Loss":-12.936714691368781,"Log ODE Loss":-8.984649128757491,"Log Data Loss":-12.990160546976089,"_wandb":{"runtime":18},"_timestamp":1.7527721488674967e+09,"_runtime":18.784331282,"_step":14999}