{"_timestamp":1.7540623606296744e+09,"_runtime":441.841429702,"_step":9999,"Log Loss":-8.47838443555325,"_wandb":{"runtime":441},"Log ODE Loss":-7.06050829422642,"Log Data Loss":-9.010832765046388}