{"Log IC Loss":-8.01639820670505,"_timestamp":1.7532157227630148e+09,"_runtime":135.314906912,"Log Loss":-6.955489768197016,"_wandb":{"runtime":135},"Log Data Loss":-7.307567445314119,"Log BC Loss":-7.542716436798489,"Log PDE Loss":-4.001432487189268,"_step":5999}