{"Log Loss":-5.209077056516948,"_wandb":{"runtime":126},"_runtime":126.87475235,"_step":5999,"Log BC Loss":-3.124694033845884,"Log Data Loss":-6.705194722121351,"_timestamp":1.755293171200295e+09,"Log IC Loss":-3.3585532057976817,"Log PDE Loss":-1.4682788107542457}