{"Log IC Loss":-12.26100463952982,"_wandb":{"runtime":3411},"Log BC Loss":-7.671094872624332,"_timestamp":1.7494823796057029e+09,"_runtime":3410.085289937,"_step":1999,"Log Loss":-6.12589637042006,"Log PDE Loss":-6.393677090116005}