{"Log Data Loss":-2.4062172042211714,"Log IC Loss":-6.5546224125892945,"Log Loss":-2.395957705350068,"_wandb":{"runtime":138},"Log BC Loss":-6.252121641010957,"_runtime":138.848124582,"_step":5999,"Log PDE Loss":-2.8176249002761593,"_timestamp":1.7570196761630275e+09}