{"_step":49999,"_wandb":{"runtime":53},"Log Loss":-12.98271868521459,"Log ODE Loss":-14.267153667151518,"Log Data Loss":-13.30679771774674,"_timestamp":1.7526810224301975e+09,"_runtime":53.000257092}