{"_step":2499,"Log BC Loss":-5.209509018469028,"_wandb":{"runtime":2521},"_timestamp":1.7505433520575874e+09,"Log Loss":-8.127748108238404,"_runtime":2521.3861929,"Log PDE Loss":-1.3878387172774422,"Log IC Loss":-7.504305771268196,"Log Data Loss":-8.127748111625566}