{"_timestamp":1.750544610705557e+09,"_step":0,"Log Loss":-2.888030577726956,"Log Data Loss":-2.8880305777449142,"_runtime":1.8029023,"Log PDE Loss":0.951277220940841,"_wandb":{"runtime":1},"Log IC Loss":-2.908616951466352,"Log BC Loss":-4.619361716516164}