{"_wandb":{"runtime":30},"_step":14999,"Log Loss":-11.088527293481441,"Log ODE Loss":-7.621781186271455,"Log Data Loss":-11.12108386043546,"_timestamp":1.7569490641023276e+09,"_runtime":30.186365467}