{"_timestamp":1.7533703494188085e+09,"Log BC Loss":-12.88043346039129,"Log Data Loss":-5.053402029864791,"Log PDE Loss":-4.876840650302197,"_step":3199,"Log IC Loss":-10.934166819435061,"_wandb":{"runtime":1256},"_runtime":1256.964227334,"Log Loss":-7.651568881801832}