{"Log Loss":-6.8255097491720225,"Log IC Loss":-8.623773400870656,"Log Data Loss":-7.001423383342577,"_wandb":{"runtime":172},"_step":5999,"_timestamp":1.7551198246917725e+09,"Log BC Loss":-7.423989364559621,"Log PDE Loss":-4.495587053925221,"_runtime":172.252034819}