{"Log Data Loss":-4.270137914653574,"_runtime":183.409854306,"Log Loss":-4.256481120324735,"_wandb":{"runtime":183},"Log BC Loss":-7.433499616855446,"Log PDE Loss":-4.399982578930958,"Log IC Loss":-8.442343460370067,"_timestamp":1.7552655187621145e+09,"_step":5999}