{"_runtime":75.447016709,"Log PDE Loss":-1.5614935296034334,"_wandb":{"runtime":75},"_timestamp":1.7570147718873622e+09,"Log IC Loss":-5.677061632196189,"Log BC Loss":-6.079724681138825,"Log Data Loss":-6.7686426164960025,"_step":3091,"Log Loss":-5.43672585754963}