{"_step":6999,"_timestamp":1.7515540287970903e+09,"Log BC Loss":-8.931257025700955,"Log Data Loss":-6.960783853004387,"_runtime":208.817692536,"_wandb":{"runtime":208},"Log Loss":-4.455424820660859,"Log PDE Loss":-5.037007966416636,"Log IC Loss":-9.910386299113066}