{"_wandb":{"runtime":99},"Param Diff Sum":-1.9443690967054394,"Log Data Loss":-10.600083755305679,"Param Diff Mean Squared":-18.298540688158585,"_runtime":99.127646691,"_step":49999,"Param Diff Mean":-9.950736677984365,"Log Loss":-10.454771466878462,"_timestamp":1.7526953657791748e+09,"Log ODE Loss":-10.152833179561503}