{"Predicted K":0.061011433601379395,"_wandb":{"runtime":16},"Log Loss":-2.5115845882978522,"_step":375,"Log BC Loss":-6.694351864344542,"Log PDE Loss":-4.830192301019774,"Log Data Loss":-2.848575775823501,"_timestamp":1.7507730007169538e+09,"Log IC Loss":-4.269417424380041,"_runtime":16.64581759}