{"Log Data Loss":-6.330531742778662,"_wandb":{"runtime":40},"Log PDE Loss":1.000088900581841e-12,"_timestamp":1.753732465892377e+09,"Log Loss":-6.306104081592097,"Log IC Loss":-10.030333196864596,"_runtime":35.374427643,"Log BC Loss":1.000088900581841e-12,"_step":1000}