{"Log Data Loss":-2.9258350324930333,"_timestamp":1.7540623881447115e+09,"_runtime":25.887063789,"_step":148,"_wandb":{"runtime":26},"Log Loss":-2.696671046008758,"Log ODE Loss":-1.9797979485952732}