{"_runtime":137.212426722,"Log Loss":-8.407396047879958,"Log BC Loss":-7.18760871305716,"Log PDE Loss":-4.488258877231716,"Log Data Loss":-10.193773780664747,"Log IC Loss":-6.943801142547928,"_wandb":{"runtime":137},"_timestamp":1.7526050224928465e+09,"_step":5999}