{"Log Loss":-6.475263756400437,"Log PDE Loss":-2.6315102494633464,"Log Data Loss":-7.980376116320471,"_timestamp":1.7570175627151213e+09,"_wandb":{"runtime":135},"_runtime":135.347731578,"Log IC Loss":-4.562557513822382,"Log BC Loss":-6.496774895423795,"_step":5999}