{"_timestamp":1.75157452615406e+09,"_runtime":79.981783981,"_step":9999,"_wandb":{"runtime":79},"Log Loss":-9.889936300256718,"Log ODE Loss":-8.082041021055087,"Log Data Loss":-10.83092963344062}