{"Log PDE Loss":-0.012941835862610841,"Log Data Loss":-6.310800139554428,"_runtime":58.848276543,"_step":1005,"Log IC Loss":-9.859083663703311,"_wandb":{"runtime":59},"Log BC Loss":-4.6194872662154705,"_timestamp":1.7537337088768764e+09,"Log Loss":-6.493432504558833}