{"Log Loss":-7.710408453927611,"Log IC Loss":-10.366503560593145,"_step":3199,"_timestamp":1.7537350652185864e+09,"_runtime":1096.190292897,"Log Data Loss":-5.512764386287511,"Log BC Loss":-6.133915732953122,"_wandb":{"runtime":1096},"Log PDE Loss":-4.764820760850807}