{"Log ODE Loss":-10.833485229749098,"Log IC Loss":-13.849754866150501,"_wandb":{"runtime":7685},"Log Data Loss":-11.497821735040818,"_timestamp":1.7491667366277256e+09,"_runtime":7684.949676351,"_step":49999,"Log Loss":-10.386495328113643}