{"Log Data Loss":-11.12576513169803,"_timestamp":1.753971987576063e+09,"_runtime":30.249071724,"_wandb":{"runtime":30},"_step":14999,"Log Loss":-11.069663747897609,"Log ODE Loss":-7.070423354915178}