{"_wandb":{"runtime":145},"Log Data Loss":-6.137950576459971,"_timestamp":1.7537165394227343e+09,"_runtime":145.348442229,"_step":7591,"Log Loss":-5.081293319780752,"Log ODE Loss":-5.5084836415408605,"Log IC Loss":-15.09575406496248}