{"_wandb":{"runtime":52},"_timestamp":1.7526823633306468e+09,"_runtime":52.87215105,"_step":49999,"Log Loss":-12.98271868521459,"Log ODE Loss":-14.267153667151518,"Log Data Loss":-13.30679771774674}