{"Log IC Loss":-2.592828136847448,"Log Data Loss":-5.443264951213931,"Log BC Loss":-2.1523853061187723,"Log Loss":-4.167343170409395,"Log PDE Loss":-0.4825747820871681,"_runtime":134.884840341,"_timestamp":1.755295421033816e+09,"_step":5999,"_wandb":{"runtime":134}}