{"_timestamp":1.7569485495400698e+09,"_runtime":29.565763168,"_step":14999,"_wandb":{"runtime":29},"Log Loss":-10.968310709188822,"Log ODE Loss":-9.451829363352024,"Log Data Loss":-10.97287728765194}