{"_timestamp":1.7552899424688942e+09,"Log PDE Loss":-4.495333099616187,"_wandb":{"runtime":173},"_step":5999,"Log IC Loss":-8.614319851011532,"_runtime":173.099812959,"Log Loss":-6.611934593309203,"Log BC Loss":-7.411715020709096,"Log Data Loss":-6.751642103103397}