{"_timestamp":1.7526919155153885e+09,"_runtime":50.787060864,"_step":49999,"Log Loss":-14.03396020145548,"Log ODE Loss":-13.450047179184072,"_wandb":{"runtime":50},"Log Data Loss":-14.231562867543197}