{"Log IC Loss":-3.7523075614106003,"Log Data Loss":-5.398290379092006,"_wandb":{"runtime":17},"_runtime":17.26600627,"Log Loss":-4.702327863191147,"Log PDE Loss":-1.2516771443555033,"_step":187,"Log BC Loss":-5.998946234709724,"_timestamp":1.7556278015291128e+09}