{"_runtime":182.230155047,"Log BC Loss":-7.789879177585417,"_wandb":{"runtime":182},"_timestamp":1.753215447795096e+09,"_step":5999,"Log PDE Loss":-4.365604554524045,"Log IC Loss":-9.348227388810077,"Log Data Loss":-6.783879648723742,"Log Loss":-6.624465448588165}