{"Log PDE Loss":-3.2912047999333462,"Log IC Loss":-4.698903366460438,"Log Loss":-7.263715473105743,"Log Data Loss":-10.12902013086589,"_step":5999,"_timestamp":1.7570143685966926e+09,"_runtime":138.32896471,"Log BC Loss":-6.775977994526947,"_wandb":{"runtime":138}}