{"Log Data Loss":-6.330531742778662,"_runtime":35.271513466,"_step":1000,"Log Loss":-6.306104081592097,"Log IC Loss":-10.030333196864596,"Log PDE Loss":1.000088900581841e-12,"_wandb":{"runtime":40},"Log BC Loss":1.000088900581841e-12,"_timestamp":1.7537314836676931e+09}