{"Log IC Loss":-8.664044199799465,"_timestamp":1.755288494658606e+09,"Log Loss":-7.698906794905527,"_wandb":{"runtime":136},"Log BC Loss":-7.393202105705281,"Log Data Loss":-8.214197421224561,"Log PDE Loss":-4.452966076606349,"_runtime":136.724401445,"_step":5999}