{"_step":1000,"_timestamp":1.7537321944049113e+09,"_wandb":{"runtime":40},"Log Loss":-6.306104081592097,"_runtime":34.819916571,"Log BC Loss":1.000088900581841e-12,"Log Data Loss":-6.330531742778662,"Log IC Loss":-10.030333196864596,"Log PDE Loss":1.000088900581841e-12}