{"Log BC Loss":-6.11255927786983,"Log Loss":-2.0382506958133644,"Log IC Loss":-5.931755001663418,"_wandb":{"runtime":138},"_timestamp":1.7570202696237116e+09,"Log Data Loss":-2.0488305755961473,"_runtime":138.655360079,"_step":5999,"Log PDE Loss":-2.428799702873006}