{"_timestamp":1.7507846983100126e+09,"Log Loss":-8.269173723962954,"Log BC Loss":-10.516661269826473,"Log PDE Loss":-4.054354994914326,"Predicted K":3.1262056827545166,"_step":4999,"Log Data Loss":-9.402445573411041,"Log IC Loss":-8.176298002513036,"_wandb":{"runtime":53},"_runtime":53.313342466}