{"Log PDE Loss":-6.153422594692015,"Log Data Loss":-9.869531196007804,"_wandb":{"runtime":1751},"Log IC Loss":-12.653432307283888,"_step":4999,"Log BC Loss":-17.864809635152383,"Log Loss":-8.725979716875088,"_timestamp":1.7506895592459588e+09,"_runtime":1751.2728584}