{"_wandb":{"runtime":140},"Log BC Loss":-7.045698988611901,"_timestamp":1.75701728852274e+09,"Log Loss":-5.486191679514514,"_runtime":140.417909221,"Log PDE Loss":-4.146057817152511,"Log Data Loss":-5.548106828881818,"_step":5999,"Log IC Loss":-8.232511370511986}