{"Log Loss":-0.9836503028889021,"_timestamp":1.755295590072764e+09,"_step":5999,"Log Data Loss":-0.9850290611287877,"_runtime":168.470283238,"Log PDE Loss":-3.4142778091890453,"Log IC Loss":-6.722263283917363,"Log BC Loss":-6.94076261163159,"_wandb":{"runtime":168}}