{"_runtime":118.186961004,"_step":5999,"Log Loss":-5.705560434454845,"Log IC Loss":-4.328435113560192,"Log Data Loss":-6.558672738400212,"_wandb":{"runtime":118},"_timestamp":1.7552066467404487e+09,"Log PDE Loss":-2.1435535434788413,"Log BC Loss":-6.255331836971076}