{"_wandb":{"runtime":132},"_timestamp":1.7552776562795155e+09,"Log Data Loss":-9.334552738475688,"Log IC Loss":-5.146948070154625,"_runtime":132.563248446,"Log BC Loss":-7.286805880231879,"_step":5999,"Log PDE Loss":-3.5572117567869324,"Log Loss":-7.45057206934614}