{"Log PDE Loss":-10.039904669193007,"Log IC Loss":-3.0439288213013964,"_timestamp":1.7504385249357677e+09,"_runtime":224.4415375,"Log Loss":-3.0327225429321523,"Log BC Loss":-9.203247252621335,"_step":499,"_wandb":{"runtime":224},"Log Data Loss":-3.0303789069602582}