{"Log PDE Loss":-3.6952007048267093,"_timestamp":1.7552944460854871e+09,"Log Loss":-1.4333271194790134,"_runtime":167.217539744,"_step":5999,"Log BC Loss":-7.093769633322221,"Log IC Loss":-7.138011528482642,"Log Data Loss":-1.4349588597722878,"_wandb":{"runtime":167}}