{"Log Loss":-11.069663747897609,"Log ODE Loss":-7.070423354915178,"Log Data Loss":-11.12576513169803,"_timestamp":1.7569483119686034e+09,"_runtime":29.736810452,"_wandb":{"runtime":29},"_step":14999}