{"Log Loss":-0.11358160310649502,"Log ODE Loss":-0.7159762226901772,"Log IC Loss":-0.9097602698736911,"Log BC Loss":-6.648554986409526,"_timestamp":1.749249279105445e+09,"_runtime":10.758864638,"_step":9,"_wandb":{"runtime":11}}