{"_runtime":71.230785005,"Log IC Loss":-8.748118408212655,"_step":6999,"Log Data Loss":-7.442754562382745,"Log Loss":-7.120104072979849,"Log PDE Loss":-3.8229630403593093,"_timestamp":1.7514954446763096e+09,"_wandb":{"runtime":71},"Log BC Loss":-5.466763948629482}