{"Log PDE Loss":-4.759915093267434,"Log Data Loss":-10.67418498800899,"Log BC Loss":-11.132791196744975,"_step":1999,"_timestamp":1.7509477911759672e+09,"Log IC Loss":-7.339195348846607,"Log Loss":-9.119932408781194,"_runtime":19.108580566,"_wandb":{"runtime":19},"Predicted K":2.7143924236297607}