{"_runtime":11.782000016,"_step":9999,"_wandb":{"runtime":11},"Log Loss":-12.874476388208272,"Log ODE Loss":-7.62091962044624,"Log Data Loss":-13.086736013565801,"_timestamp":1.7492216037583206e+09}