{"_timestamp":1.7552644676695802e+09,"Log BC Loss":-7.303250915657458,"_wandb":{"runtime":142},"_runtime":142.206938931,"_step":5999,"Log PDE Loss":-3.8923957565105565,"Log IC Loss":-7.696213080793405,"Log Data Loss":-4.772534454589272,"Log Loss":-4.735718664048585}