{"_timestamp":1.7540643504261732e+09,"_runtime":923.276464975,"_step":9999,"_wandb":{"runtime":923},"Log Loss":-7.430806128950099,"Log ODE Loss":-7.289584953422692,"Log Data Loss":-7.553163503916703}