{"Log ODE Loss":-9.367744825266016,"_wandb":{"runtime":53},"Log Data Loss":-9.67427979410288,"_timestamp":1.752693470104308e+09,"_runtime":53.882429742,"_step":49999,"Log Loss":-9.546880157027523}