{"Log ODE Loss":-7.9256895926127005,"Log Data Loss":-9.46171498910577,"_timestamp":1.7515762515510213e+09,"_runtime":677.36074918,"_step":9999,"_wandb":{"runtime":677},"Log Loss":-9.080126882475746}