{"_timestamp":1.757005289631811e+09,"_runtime":864.353677722,"_step":9999,"Log Loss":-7.997942597474273,"Log ODE Loss":-7.590778666223098,"Log Data Loss":-8.16076163948351,"_wandb":{"runtime":864}}