{"Log Loss":-7.442829202720135,"_wandb":{"runtime":203},"Log IC Loss":-9.110433562562612,"Log PDE Loss":-4.074843455412695,"_timestamp":1.751551913850967e+09,"_runtime":203.940606077,"Log Data Loss":-7.787153034314299,"Log BC Loss":-7.53521567670465,"_step":6999}