{"_wandb":{"runtime":12},"Log Loss":0.51105095161873,"Log ODE Loss":-1.3694179428843238,"Log IC Loss":-0.7713641718335973,"Log Data Loss":-0.05086656599908481,"_timestamp":1.751486263123989e+09,"_runtime":11.610954895,"_step":61}