{"_timestamp":1.7526933664558666e+09,"_runtime":53.815111046,"_step":49999,"Log Loss":-10.010911054099186,"Log ODE Loss":-9.864595372123318,"Log Data Loss":-10.133933502559366,"_wandb":{"runtime":53}}