{"Log ODE Loss":-8.622572528737152,"Log Data Loss":-11.385403905734844,"_wandb":{"runtime":29},"_timestamp":1.7527587432717075e+09,"_runtime":29.819417959,"_step":14999,"Log Loss":-11.36968350903407}