{"_wandb":{"runtime":138},"_step":5999,"Log Loss":-6.9011683073045,"Log IC Loss":-6.76002890075588,"Log Data Loss":-7.275940035514363,"_timestamp":1.7570168242924254e+09,"Log BC Loss":-6.782754775048041,"Log PDE Loss":-3.9400936515642435,"_runtime":138.73667608}