{"_timestamp":1.7552941516339319e+09,"Log IC Loss":-3.044573740012063,"_step":5999,"Log Data Loss":-2.550183969160416,"Log Loss":-2.413069523701568,"_wandb":{"runtime":124},"_runtime":124.499562153,"Log PDE Loss":-0.35538093023261597,"Log BC Loss":-3.0304045923860676}