{"Log Loss":-3.5368099015080015,"_wandb":{"runtime":932},"Log ODE Loss":-5.003892808016861,"Log Data Loss":-3.560139632725502,"_timestamp":1.7569931553733113e+09,"_runtime":932.155222302,"_step":9999}