{"Log PDE Loss":-3.684017777065372,"_step":5999,"Log Loss":-4.249036350795049,"Log BC Loss":-7.288509058135167,"_wandb":{"runtime":139},"_timestamp":1.7552656586126122e+09,"Log IC Loss":-7.3807320297674295,"Log Data Loss":-4.276723378367228,"_runtime":139.262157307}