{"Log Loss":-5.999854373990211,"_wandb":{"runtime":133},"_runtime":133.545581357,"Log PDE Loss":-2.1679745577518363,"Log Data Loss":-7.4949756729247206,"Log IC Loss":-4.243760313722606,"Log BC Loss":-5.058179706070105,"_timestamp":1.7552788206737194e+09,"_step":5999}