{"_wandb":{"runtime":29},"Log Loss":-11.040195822541191,"Log ODE Loss":-9.25527624059753,"Log Data Loss":-11.04617276231963,"_timestamp":1.7539727172185242e+09,"_runtime":29.306810618,"_step":14999}