{"Log PDE Loss":-2.600311812182615,"_wandb":{"runtime":135},"Log IC Loss":-5.293623473955623,"_step":5999,"Log Data Loss":-7.011692031660587,"_runtime":135.339520621,"Log Loss":-6.1764993186068295,"Log BC Loss":-6.691473755372387,"_timestamp":1.755265334729235e+09}