{"Log Data Loss":-7.601362707709754,"_wandb":{"runtime":136},"_timestamp":1.7532144072503479e+09,"_runtime":136.881855893,"Log Loss":-7.26602592058348,"Log PDE Loss":-4.34841145229384,"Log IC Loss":-9.368878985348285,"_step":5999,"Log BC Loss":-7.740023111667078}