{"Log Data Loss":-11.031121691878583,"_wandb":{"runtime":28},"_timestamp":1.7527589941050367e+09,"_runtime":28.845680926,"_step":14999,"Log Loss":-10.954108869741274,"Log ODE Loss":-6.648396531733924}