{"_timestamp":1.7557346095853367e+09,"_step":5999,"_runtime":107.337123903,"Log Loss":-7.547252894608011,"Log IC Loss":-6.80835818804886,"_wandb":{"runtime":107},"Log BC Loss":-6.819748727208417,"Log Data Loss":-8.321661875335835,"Log PDE Loss":-4.045931570730937}