{"Log IC Loss":-8.652411069644476,"_timestamp":1.755289376478547e+09,"Log BC Loss":-7.426280346507436,"Log Loss":-7.709253380618569,"Log Data Loss":-8.20100493215299,"_wandb":{"runtime":177},"Log PDE Loss":-4.5003442191078395,"_runtime":177.112963525,"_step":5999}