{"_runtime":126.431601542,"_timestamp":1.7552936013871963e+09,"_step":5999,"Log Loss":-2.689688271886177,"Log IC Loss":-3.2094203628784195,"Log BC Loss":-3.2133120794482473,"Log PDE Loss":-0.6124802678241539,"_wandb":{"runtime":126},"Log Data Loss":-2.830794278593591}