{"Log PDE Loss":-4.3142776708590445,"Log Loss":-7.643091593658756,"Log IC Loss":-8.482388236761995,"_runtime":186.600026676,"_step":5999,"Log Data Loss":-8.221559263327494,"_timestamp":1.7570135996820095e+09,"Log BC Loss":-7.151782921115505,"_wandb":{"runtime":186}}