{"Log Data Loss":-6.330531742778662,"Log IC Loss":-10.030333196864596,"_runtime":34.850562869,"Log PDE Loss":1.000088900581841e-12,"Log BC Loss":1.000088900581841e-12,"_wandb":{"runtime":40},"_timestamp":1.753732712299549e+09,"_step":1000,"Log Loss":-6.306104081592097}