{"Log Data Loss":-10.901192672292538,"_timestamp":1.7539720647131407e+09,"_runtime":30.008753816,"_wandb":{"runtime":30},"_step":14999,"Log Loss":-10.700404035655524,"Log ODE Loss":-5.49686632119098}