{"_runtime":128.822688054,"Log BC Loss":-7.079840664087963,"_timestamp":1.755289767498444e+09,"Log IC Loss":-5.180048631271463,"Log Data Loss":-10.473777905285836,"_step":5999,"Log Loss":-7.6378916420625425,"Log PDE Loss":-3.6525376382464327,"_wandb":{"runtime":128}}