{"Log IC Loss":-6.9377416225434265,"_timestamp":1.75321408731268e+09,"Log BC Loss":-7.182123164757276,"Log Loss":-8.40114231091739,"Log PDE Loss":-4.484825160396496,"_step":5999,"_wandb":{"runtime":135},"Log Data Loss":-10.174702941386492,"_runtime":135.701469672}