{"Log Loss":-6.834827891756943,"Log ODE Loss":-9.538942937020831,"Log Data Loss":-6.904102395752168,"_timestamp":1.7526831093471122e+09,"_wandb":{"runtime":53},"_runtime":53.619826026,"_step":49999}