{"_step":9999,"Log Loss":-4.558451133847127,"_wandb":{"runtime":388},"Log ODE Loss":-5.12304430788113,"Log Data Loss":-4.55901986909869,"_timestamp":1.7492287941129754e+09,"_runtime":388.07173875}