{"Log IC Loss":-8.484995797050008,"_step":5999,"_timestamp":1.7552649194113104e+09,"_wandb":{"runtime":179},"Log PDE Loss":-4.418558231548352,"Log BC Loss":-7.373609290003225,"Log Data Loss":-4.512308490444544,"Log Loss":-4.495220872772031,"_runtime":179.533864939}