{"_runtime":184.725183322,"Log IC Loss":-8.475153186036936,"_step":5999,"Log BC Loss":-7.136583243284208,"Log Data Loss":-6.724254888552566,"_wandb":{"runtime":184},"Log PDE Loss":-4.307808448962021,"_timestamp":1.757014553893622e+09,"Log Loss":-6.561756186108234}