{"_runtime":37.747072381,"_step":34999,"_wandb":{"runtime":37},"Log Loss":-14.088823911068904,"Log ODE Loss":-13.187421986831009,"Log Data Loss":-14.371591924771204,"_timestamp":1.7526805121536577e+09}