{"Log Data Loss":-11.407504285833143,"_timestamp":1.752770881069305e+09,"_runtime":28.960250661,"_step":14999,"Log Loss":-11.392325496669795,"_wandb":{"runtime":28},"Log ODE Loss":-8.680008685419821}