{"Log BC Loss":-6.608321092584104,"_wandb":{"runtime":135},"Log Loss":-4.763728057836511,"Log IC Loss":-5.621297629345973,"Log Data Loss":-4.953962468498446,"_step":5999,"Log PDE Loss":-2.3513210258578563,"_timestamp":1.7552663902121801e+09,"_runtime":135.263661937}