{"Log Loss":-9.623073321816292,"Log ODE Loss":-7.931883807090229,"Log Data Loss":-10.405255398574532,"_timestamp":1.754055379044652e+09,"_runtime":86.178702254,"_wandb":{"runtime":86},"_step":9999}