{"_timestamp":1.7570162181142848e+09,"_step":5999,"Log BC Loss":-6.804571791895762,"Log IC Loss":-6.802702716690459,"Log PDE Loss":-4.049000684232487,"_wandb":{"runtime":136},"Log Loss":-7.517874929503921,"Log Data Loss":-8.256775625316104,"_runtime":136.213366115}