{"Log PDE Loss":-4.246758060121524,"_step":5999,"_timestamp":1.7532145413059921e+09,"_runtime":133.40361393,"_wandb":{"runtime":133},"Log BC Loss":-7.591340632272891,"Log Data Loss":-7.81131985387049,"Log Loss":-7.374799471474228,"Log IC Loss":-8.505743718446316}