{"_wandb":{"runtime":135},"_runtime":135.18919839,"Log PDE Loss":-3.5909213301918887,"Log IC Loss":-5.1588054528566705,"_timestamp":1.7551196516365347e+09,"Log Loss":-7.5490492042719,"_step":5999,"Log Data Loss":-9.966464215595867,"Log BC Loss":-7.060561868792701}