{"_step":39999,"Log IC Loss":-10.466756969444617,"Log Data Loss":-9.900993436520698,"Log valData Loss":-6.808749300255714,"_wandb":{"runtime":1202},"_timestamp":1.7549334007681746e+09,"Log ODE Loss":-8.258929205515582,"Log valODE Loss":-6.145284358553073,"Log valIC Loss":-9.180322668618954,"_runtime":1202.857106251,"Log Loss":-7.993861464874769,"Log valLoss":-5.698590024364244}