{"_wandb":{"runtime":581},"_step":9999,"Log Loss":-4.558451133847127,"Log ODE Loss":-5.12304430788113,"Log Data Loss":-4.55901986909869,"_timestamp":1.7495704178609958e+09,"_runtime":581.198354116}