{"Log Data Loss":-6.330531742778662,"Log BC Loss":1.000088900581841e-12,"_timestamp":1.7537320445052671e+09,"_runtime":35.620343596,"_wandb":{"runtime":40},"Log IC Loss":-10.030333196864596,"Log PDE Loss":1.000088900581841e-12,"_step":1000,"Log Loss":-6.306104081592097}