{"Log Data Loss":-10.762155691376792,"Param Diff Sum":-6.456728696844152,"_step":49999,"Param Diff Mean":-9.857926059967927,"_wandb":{"runtime":66},"Param Diff Mean Squared":-19.127531667904233,"_timestamp":1.7526952448337882e+09,"Log Loss":-10.603602202973613,"Log ODE Loss":-10.220909682947614,"_runtime":66.002436986}