{"_wandb":{"runtime":31},"_timestamp":1.7491567845959485e+09,"_runtime":31.536436763,"_step":303,"Log Loss":-3.1625402538320277,"Log ODE Loss":-2.41818005725535,"Log Data Loss":-3.1838159295304664}