{"Log ODE Loss":-6.623701033960569,"Log Data Loss":-4.0415795429324675,"_wandb":{"runtime":1061},"_timestamp":1.7570026233729742e+09,"_runtime":1061.825622736,"_step":9999,"Log Loss":-4.034046599156952}