{"Log Loss":-2.3980887607313135,"Log IC Loss":-2.997717124687288,"Log Data Loss":-2.53326118996134,"_timestamp":1.7570210024854095e+09,"_runtime":135.496511879,"Log BC Loss":-3.009880087390176,"Log PDE Loss":-0.356688244377917,"_wandb":{"runtime":135},"_step":5999}