{"Log Loss":-3.445024327505782,"Log IC Loss":-4.178430760448533,"_wandb":{"runtime":144},"Log Data Loss":-3.5668280730904884,"Log BC Loss":-4.931005585164128,"_timestamp":1.7552799080467856e+09,"_runtime":144.272732304,"Log PDE Loss":-1.4745386016415096,"_step":5999}