{"Log Data Loss":-7.842078121296353,"_step":1000,"Log IC Loss":-6.490738042867235,"_timestamp":1.7506981716717806e+09,"_wandb":{"runtime":23},"Log BC Loss":1.000088900581841e-12,"_runtime":22.3569015,"Log Loss":-7.838222994547492,"Log PDE Loss":1.000088900581841e-12}