{"Log IC Loss":-8.990187876998455,"_wandb":{"runtime":442},"_runtime":441.7009948,"_timestamp":1.750622557720065e+09,"_step":1999,"Log BC Loss":-8.401252459851351,"Log Data Loss":-8.181491748982896,"Log Loss":-7.1338904691994935,"Log PDE Loss":-1.0869993772748203}