{"_step":997,"_wandb":{"runtime":148},"Log Loss":-0.9891137912121191,"Log ODE Loss":-3.0256141598242685,"Log IC Loss":-6.238991763897548,"Log Data Loss":-1.1349869927029421,"_timestamp":1.7514862086185188e+09,"_runtime":147.868131173}