{"Log Data Loss":-13.086736013565801,"_timestamp":1.7492279627445922e+09,"_wandb":{"runtime":11},"_runtime":11.959724296,"_step":9999,"Log Loss":-12.874476388208272,"Log ODE Loss":-7.62091962044624}