{"Log Loss":-9.623073321816292,"Log ODE Loss":-7.931883807090229,"Log Data Loss":-10.405255398574532,"_wandb":{"runtime":93},"_timestamp":1.754057126003292e+09,"_runtime":93.722874057,"_step":9999}