{"_wandb":{"runtime":50},"Log PDE Loss":-3.2221955559486704,"_runtime":50.58589603,"Log IC Loss":-5.352336022181061,"Log BC Loss":-9.494489135577147,"Log Loss":-6.909748033119537,"_timestamp":1.7560616210752656e+09,"Log Data Loss":-7.952236373599333,"_step":6999}