{"_runtime":17.696638449,"_step":14999,"Log Loss":-11.953994185005508,"Log ODE Loss":-9.430411398272094,"_wandb":{"runtime":17},"Log Data Loss":-11.966545818488546,"_timestamp":1.7556323233217719e+09}