{"Log valIC Loss":-5.044633680582192,"_runtime":26.905703999,"Log valODE Loss":-3.0311424236632907,"Log Data Loss":-0.488571810272975,"Log valData Loss":0.3312972605321062,"Log Loss":-0.4126970095054825,"Log valLoss":-2.905813078874795,"_step":803,"Log IC Loss":-5.9225890018290865,"Log ODE Loss":-3.0860384142480024,"_timestamp":1.7549321860057585e+09,"_wandb":{"runtime":27}}