{"_runtime":31.036155855,"_step":14999,"_wandb":{"runtime":31},"Log Loss":-9.77754319522452,"Log ODE Loss":-3.5762291704060223,"Log Data Loss":-10.45757080805837,"_timestamp":1.7569491999928153e+09}