{"_wandb":{"runtime":44},"Log Data Loss":-7.4662660629543645,"Log PDE Loss":-2.724470942811129,"Log BC Loss":-8.819313948983238,"_step":5999,"Log Loss":-6.398046164174884,"Log IC Loss":-4.532340208381459,"_timestamp":1.756063372711537e+09,"_runtime":44.176376397}