{"_runtime":139.483179865,"Log Loss":-1.2269192621218221,"Log PDE Loss":-1.7134303218472051,"Log BC Loss":-5.356178431113242,"_wandb":{"runtime":139},"Log IC Loss":-5.341314277932396,"Log Data Loss":-1.236510984823687,"_step":5999,"_timestamp":1.757022054463322e+09}