{"Log PDE Loss":-0.34301256183726275,"Log IC Loss":-2.866164148139675,"Log BC Loss":-9.519571077772216,"_timestamp":1.7494036018386548e+09,"_wandb":{"runtime":1718},"_runtime":1716.55890766,"_step":1118,"Log Loss":0.24597770392493581}