{"Log ODE Loss":-5.64024254213826,"Log Data Loss":-11.123544118812623,"_timestamp":1.7569491264137511e+09,"_runtime":29.956977816,"_wandb":{"runtime":29},"_step":14999,"Log Loss":-10.90791687147109}