{"Log Loss":-4.2740381195018955,"_wandb":{"runtime":15},"_runtime":14.881765996,"_step":109,"_timestamp":1.7515599678725834e+09,"Log Data Loss":-4.921234664859331,"Log PDE Loss":-1.5788924302027945,"Log IC Loss":-4.233259752668107,"Log BC Loss":-7.665582884571476}