{"_step":9999,"_wandb":{"runtime":94},"Log Loss":-9.038438754222625,"Log ODE Loss":-7.27619645522031,"Log Data Loss":-9.912025808900381,"_timestamp":1.7540566806949954e+09,"_runtime":94.616417032}