{"Log IC Loss":-3.2362559435654905,"_timestamp":1.7504570499554183e+09,"_runtime":224.382782,"Log Loss":-2.437947700284267,"Log Data Loss":-3.108991092737083,"_step":499,"Log PDE Loss":-5.7710082128536255,"_wandb":{"runtime":224},"Log BC Loss":-8.230052476461456}