{"_timestamp":1.754066207668927e+09,"_runtime":911.564517766,"_wandb":{"runtime":911},"_step":9999,"Log Loss":-7.748245887398084,"Log ODE Loss":-7.420192370894703,"Log Data Loss":-7.897704986610148}