{"_wandb":{"runtime":16},"Log Loss":-12.936714691368781,"Log ODE Loss":-8.984649128757491,"Log Data Loss":-12.990160546976089,"_timestamp":1.7527589089917552e+09,"_runtime":16.742726213,"_step":14999}