{"_step":4686,"_wandb":{"runtime":315},"Loss":0.004166643600910902,"ODE Loss":0.006013523321598768,"Data Loss":0.004106508567929268,"_timestamp":1.7491553772732775e+09,"_runtime":315.071215834}