{"_timestamp":1.74921997730946e+09,"_runtime":389.159089201,"_step":9999,"_wandb":{"runtime":389},"Log Loss":-4.895989669759069,"Log ODE Loss":-5.748857811443027,"Log Data Loss":-4.900260697477458}