{"_step":4999,"Log IC Loss":-8.471354634793796,"Log Loss":-8.092469532353565,"_timestamp":1.750784377970575e+09,"_runtime":57.650976186,"Log Data Loss":-8.799385806582055,"Predicted K":3.121631145477295,"_wandb":{"runtime":57},"Log PDE Loss":-4.16838038326379,"Log BC Loss":-10.580167286067985}