{"Log Loss":-6.8972494128696455,"_runtime":50.236170019,"Log PDE Loss":-3.216742601496113,"Log IC Loss":-5.326884103084315,"_timestamp":1.7560610892356675e+09,"_step":6999,"Log Data Loss":-7.929616646915105,"_wandb":{"runtime":50},"Log BC Loss":-9.479924312945476}