{"Log IC Loss":-9.398856628861298,"Log Loss":-7.108150020685518,"Log BC Loss":-7.794619188191907,"Log Data Loss":-7.3801145030361335,"_runtime":181.324793236,"_wandb":{"runtime":181},"_step":5999,"Log PDE Loss":-4.369147100063733,"_timestamp":1.7532148573991795e+09}