{"Log Data Loss":-7.75314408388726,"_wandb":{"runtime":134},"_step":5999,"_timestamp":1.755265931422317e+09,"_runtime":134.706562077,"Log Loss":-6.196165976445696,"Log IC Loss":-4.281772912205343,"Log PDE Loss":-2.3334687368976548,"Log BC Loss":-6.484315711146986}