{"_wandb":{"runtime":134},"_step":5999,"Log Loss":-7.647312108754899,"Log IC Loss":-5.188003757898708,"Log BC Loss":-7.0734851488228,"Log Data Loss":-10.51493387539092,"_runtime":134.764884556,"_timestamp":1.755288765478906e+09,"Log PDE Loss":-3.660245456559236}