{"_timestamp":1.7537332026459348e+09,"Log PDE Loss":0.18481086385435228,"Log BC Loss":-4.762668925780152,"Log Loss":-5.864529955134661,"Log Data Loss":-5.820579108427877,"_runtime":98.266041852,"_step":1013,"_wandb":{"runtime":101},"Log IC Loss":-7.552442450679579}