{"_timestamp":1.7492217658972597e+09,"_runtime":12.061708386,"_step":9999,"_wandb":{"runtime":12},"Log Loss":-12.874476388208272,"Log ODE Loss":-7.62091962044624,"Log Data Loss":-13.086736013565801}