{"_wandb":{"runtime":219},"Log BC Loss":-16.073304032439392,"Log Loss":-3.012183917373487,"Log Data Loss":-2.947559665075196,"Log PDE Loss":-8.561031866836476,"Log IC Loss":-3.016085550498197,"_step":499,"_timestamp":1.7506197066565356e+09,"_runtime":219.2370725}