{"_wandb":{"runtime":2},"_runtime":2.509405027,"_step":0,"Log Loss":1.5934602113672744,"Log ODE Loss":-3.3436750520754375,"Log IC Loss":1.00651549585165,"Log Data Loss":0.7651835180631328,"_timestamp":1.7537198543806438e+09}