{"_timestamp":1.7507869907195227e+09,"_runtime":52.586249815,"Log Loss":-7.602733552254625,"_wandb":{"runtime":52},"_step":4999,"Log Data Loss":-9.490463956842563,"Log PDE Loss":-3.2764302392058404,"Predicted K":0.049655258655548096,"Log BC Loss":-4.9617761170480135,"Log IC Loss":-3.247080864394836}