{"Param Diff Sum":-6.225422980834657,"_runtime":61.042051151,"_wandb":{"runtime":61},"_step":49999,"Param Diff Mean Squared":-17.836490472760474,"Log ODE Loss":-10.224819924425159,"_timestamp":1.7526949220120773e+09,"Param Diff Mean":-9.626620406627254,"Log Loss":-10.49466722720899,"Log Data Loss":-10.635052304296238}