{"_wandb":{"runtime":151},"Log IC Loss":-5.9166331282839275,"_timestamp":1.7552803967659743e+09,"_runtime":151.901842155,"_step":5999,"Log PDE Loss":-2.6999306277813875,"Log Loss":-2.4009788478939664,"Log Data Loss":-2.4126756875185422,"Log BC Loss":-6.276139085608317}