{"Log Loss":-6.306104081592097,"Log BC Loss":1.000088900581841e-12,"_step":1000,"_runtime":34.766819129,"Log IC Loss":-10.030333196864596,"_wandb":{"runtime":40},"Log Data Loss":-6.330531742778662,"_timestamp":1.7537326149344354e+09,"Log PDE Loss":1.000088900581841e-12}