{"_timestamp":1.75511788385579e+09,"_runtime":90.704651551,"Log PDE Loss":-3.3631438819700774,"Log IC Loss":-7.7360954164689915,"Log BC Loss":-7.364781884718042,"Log Data Loss":-7.67606439062022,"_wandb":{"runtime":91},"_step":2987,"Log Loss":-6.913884616798526}