{"Log IC Loss":-5.294168768536454,"Log BC Loss":-9.4512188179182,"Log Loss":-6.8809897783008385,"_runtime":50.593939064,"_timestamp":1.7560613903422608e+09,"_step":6999,"Log PDE Loss":-3.2094267285488205,"Log Data Loss":-7.900827592573625,"_wandb":{"runtime":50}}