{"Log PDE Loss":-4.352736594639919,"Log Loss":-3.3834527381631627,"Log BC Loss":-7.348191135238184,"_step":5999,"_timestamp":1.7552916432843838e+09,"Log Data Loss":-3.389421741504638,"_runtime":175.584899905,"Log IC Loss":-8.329071626914496,"_wandb":{"runtime":175}}