{"Log Data Loss":-7.687376549689926,"_timestamp":1.7524492234399395e+09,"Log Loss":-7.333338030175545,"Log BC Loss":-7.794473165946744,"Log IC Loss":-9.412765230678085,"_wandb":{"runtime":195},"_runtime":195.662518057,"_step":5999,"Log PDE Loss":-4.369452903973425}