{"Log Loss":-7.309253158589364,"Log IC Loss":1.000088900581841e-12,"_step":1000,"_runtime":13.0223396,"Log PDE Loss":1.000088900581841e-12,"_timestamp":1.7506952795899465e+09,"_wandb":{"runtime":13},"Log Data Loss":-7.309253160083425,"Log BC Loss":1.000088900581841e-12}