{"_step":34999,"Log Loss":-12.591329021642336,"Log ODE Loss":-12.129301149261025,"Log Data Loss":-12.764170402938156,"_timestamp":1.7526804496908557e+09,"_wandb":{"runtime":37},"_runtime":37.638154229}