{"Log IC Loss":-5.177149597740025,"_timestamp":1.7551177925137653e+09,"Log Loss":-7.567806217844168,"Log PDE Loss":-3.577992784534872,"Log Data Loss":-10.322453439103425,"_step":5999,"_wandb":{"runtime":128},"_runtime":128.716630109,"Log BC Loss":-7.067647005469039}