{"Log IC Loss":-2.542031107087735,"_runtime":128.959484608,"Log PDE Loss":0.20588804090051885,"_step":5999,"Log BC Loss":-2.1291907751902697,"Log Data Loss":-1.8158438002935413,"_wandb":{"runtime":128},"Log Loss":-1.6976889725612685,"_timestamp":1.7552834895508404e+09}