{"_wandb":{"runtime":195},"Log BC Loss":-7.37546966118243,"Log PDE Loss":-4.428913899378174,"_runtime":195.050240236,"Log Loss":-4.750240832269168,"Log IC Loss":-8.59255318513365,"_timestamp":1.7552643248536234e+09,"Log Data Loss":-4.7721010866138425,"_step":5999}