{"_wandb":{"runtime":136},"Log BC Loss":-6.819748727208417,"_runtime":136.388391542,"Log PDE Loss":-4.045931570730937,"_step":5999,"Log Loss":-7.547252894608011,"Log Data Loss":-8.321661875335835,"Log IC Loss":-6.80835818804886,"_timestamp":1.7570156208619823e+09}