{"_runtime":80.034291842,"_step":9999,"Log Loss":-10.729415231927279,"Log ODE Loss":-9.15507696984401,"_wandb":{"runtime":80},"Log Data Loss":-11.388653149960737,"_timestamp":1.7515735922339323e+09}