{"Log PDE Loss":-4.451815860227452,"_timestamp":1.7551169603516786e+09,"_step":5999,"_runtime":133.837025653,"Log BC Loss":-7.388036932048267,"Log Data Loss":-8.351947044214942,"Log Loss":-7.778358694559064,"Log IC Loss":-8.670732769434226,"_wandb":{"runtime":133}}