{"_timestamp":1.7552948312966375e+09,"_wandb":{"runtime":126},"_step":5999,"Log PDE Loss":-0.66850727730993,"Log Data Loss":-5.713101712805339,"Log IC Loss":-2.7052151649799256,"Log BC Loss":-2.4972515556301875,"_runtime":126.43260565,"Log Loss":-4.383533591426343}