{"_wandb":{"runtime":76},"Log Loss":-10.63691129578185,"Log ODE Loss":-9.062747759800835,"Log Data Loss":-11.295986072743403,"_timestamp":1.753976598374466e+09,"_runtime":76.905298496,"_step":9999}