{"Log IC Loss":-7.373751851680987,"_timestamp":1.7552791381582375e+09,"_runtime":137.086012337,"Log BC Loss":-7.026631888331504,"Log Loss":-3.41399443421441,"_wandb":{"runtime":137},"Log PDE Loss":-3.4734472265837826,"Log Data Loss":-3.428696612162988,"_step":5999}