{"_timestamp":1.7552829169247708e+09,"_step":5999,"Log PDE Loss":0.11385786005979653,"_runtime":130.131442877,"Log Loss":-1.9138128950951088,"Log BC Loss":-2.2736843996015423,"Log Data Loss":-2.0486539307699365,"_wandb":{"runtime":130},"Log IC Loss":-2.5635264302402954}