{"Log Loss":-6.069911286154053,"_wandb":{"runtime":224},"Log PDE Loss":-4.114769393277918,"Log BC Loss":-8.833339286711437,"Log Data Loss":-2.5050919733795056,"Log IC Loss":-7.537708226871941,"_runtime":223.9823296,"_timestamp":1.7504473174426212e+09,"_step":499}