{"Log Loss":-4.779697803343173,"Log PDE Loss":-2.3618128213708838,"Log IC Loss":-5.289031577366473,"Log BC Loss":-6.88048633312797,"Log Data Loss":-4.972753623687635,"_runtime":118.855067093,"_timestamp":1.7552070428516157e+09,"_wandb":{"runtime":118},"_step":5999}