{"_step":9999,"_wandb":{"runtime":892},"Log Loss":-7.430806128950099,"Log ODE Loss":-7.289584953422692,"Log Data Loss":-7.553163503916703,"_timestamp":1.7570035168364484e+09,"_runtime":891.969295274}