{"Log Loss":-13.150139805643867,"Log ODE Loss":-9.015622934936125,"_wandb":{"runtime":11},"Log Data Loss":-14.129887135882,"_timestamp":1.7492213712769814e+09,"_runtime":11.894193981,"_step":9999}