{"_wandb":{"runtime":33},"Log IC Loss":-5.8847968659590375,"Predicted K":2.666558265686035,"_step":4999,"Log Loss":-9.085655154665664,"Log BC Loss":-11.506383476315323,"Log Data Loss":-10.87781306850974,"_runtime":33.266058103,"_timestamp":1.7509482164357996e+09,"Log PDE Loss":-4.692741365258043}