{"Log Data Loss":-3.1906680621025023,"_step":5999,"Log Loss":-3.0416359499857824,"Log IC Loss":-3.2963659636465725,"_runtime":139.988999771,"Log PDE Loss":-0.9110168965664057,"Log BC Loss":-3.8612176419229325,"_wandb":{"runtime":140},"_timestamp":1.7552805373972664e+09}