{"Log IC Loss":-8.638147782251739,"Log Data Loss":-8.092039113937577,"Log BC Loss":-5.344516415853797,"_step":5999,"Log PDE Loss":-4.429839056734768,"Log Loss":-7.534691454364388,"_timestamp":1.7551146553870122e+09,"_runtime":129.614349737,"_wandb":{"runtime":129}}