{"_runtime":52.986278486,"_wandb":{"runtime":52},"_step":49999,"Log Loss":-12.98271868521459,"Log ODE Loss":-14.267153667151518,"Log Data Loss":-13.30679771774674,"_timestamp":1.752680884787299e+09}