{"Log Data Loss":-6.75342234502654,"Log PDE Loss":-4.244039096939508,"Log IC Loss":-8.44381982991297,"Log Loss":-6.576380737140792,"_wandb":{"runtime":138},"_timestamp":1.7570131469210281e+09,"_runtime":138.760324587,"_step":5999,"Log BC Loss":-7.057760042726513}