{"Log BC Loss":-7.411879116470277,"_wandb":{"runtime":45},"_timestamp":1.7560645138597188e+09,"_runtime":45.796409554,"Log IC Loss":-2.971686443823828,"Log Loss":-2.421705660620771,"_step":5999,"Log PDE Loss":-4.3162598473971805,"Log Data Loss":-2.684910631314682}