{"Log PDE Loss":-4.501071247444805,"_runtime":182.401865273,"Log Loss":-7.709738068544084,"Log IC Loss":-8.651310526704382,"Log Data Loss":-8.201419972490642,"Log BC Loss":-7.423665392886462,"_timestamp":1.7552890504841099e+09,"_step":5999,"_wandb":{"runtime":182}}