{"Log IC Loss":-9.146325108854061,"_runtime":83.118152934,"_timestamp":1.751554390705315e+09,"Log Loss":-5.514149077831215,"Log BC Loss":-7.933372242832969,"_wandb":{"runtime":83},"_step":2499,"Log PDE Loss":-4.396146337835315,"Log Data Loss":-7.5054608503120335}