{"Log BC Loss":-4.99587950836376,"_step":5308,"Log PDE Loss":-4.474305146575441,"Log Loss":-7.514493955241653,"Log IC Loss":-8.969141982081853,"_runtime":58.060434308,"_timestamp":1.7514890523156366e+09,"_wandb":{"runtime":58},"Predicted K":0.33126527070999146,"Log Data Loss":-7.765184498404516}