{"Log Data Loss":-9.912025808900381,"_timestamp":1.754055657491657e+09,"_wandb":{"runtime":83},"_runtime":83.08828697,"_step":9999,"Log Loss":-9.038438754222625,"Log ODE Loss":-7.27619645522031}