{"_runtime":180.876428678,"Log IC Loss":-7.318578627393869,"_timestamp":1.7570213200552614e+09,"Log Loss":-1.4301325087733958,"Log BC Loss":-6.990245547036239,"Log Data Loss":-1.4319330252340514,"_step":5999,"_wandb":{"runtime":180},"Log PDE Loss":-3.5884842047301455}