{"Log IC Loss":-7.049275487027793,"_timestamp":1.7552832286248348e+09,"Log PDE Loss":-3.3748600252912495,"Log BC Loss":-6.653433265165019,"Log Loss":-0.9867870051746245,"Log Data Loss":-0.9882230179607255,"_wandb":{"runtime":177},"_step":5999,"_runtime":177.665534927}