{"Log IC Loss":-7.4225006643785685,"Log Data Loss":-5.77503228453101,"_timestamp":1.7537335668818855e+09,"Log Loss":-5.407023860212001,"Log PDE Loss":1.3478618066025507,"Log BC Loss":-3.659122470443232,"_wandb":{"runtime":79},"_runtime":76.389179308,"_step":1008}