{"Log BC Loss":-2.225885589293116,"Log PDE Loss":0.1927558963383718,"Log IC Loss":-2.538881334161879,"_timestamp":1.7552958438353107e+09,"_wandb":{"runtime":124},"Log Data Loss":-1.8336172805470385,"_runtime":124.761572444,"Log Loss":-1.7153962691536324,"_step":5999}