{"Log Loss":-10.729415231927279,"Log ODE Loss":-9.15507696984401,"_wandb":{"runtime":80},"Log Data Loss":-11.388653149960737,"_timestamp":1.75157350016315e+09,"_runtime":80.039511306,"_step":9999}