{"Log Data Loss":-10.97287728765194,"_timestamp":1.7539723038150842e+09,"_runtime":28.459789865,"_step":14999,"_wandb":{"runtime":28},"Log Loss":-10.968310709188822,"Log ODE Loss":-9.451829363352024}