{"Log PDE Loss":-4.415161536032378,"_wandb":{"runtime":132},"_step":5999,"Log IC Loss":-6.847725292085287,"Log Data Loss":-9.757263067599238,"_runtime":132.170477771,"_timestamp":1.7532152647331963e+09,"Log Loss":-8.266194619030642,"Log BC Loss":-7.238876519113109}