{"Log Data Loss":-1.1973871243079226,"Log Loss":-1.1959726289105561,"Log IC Loss":-7.3618196474239115,"Log BC Loss":-7.172364464038542,"_wandb":{"runtime":174},"_step":5999,"_timestamp":1.7552826527810123e+09,"_runtime":174.656403485,"Log PDE Loss":-3.5913400464849516}