{"Log Loss":-4.024152092148844,"Log Data Loss":-5.304142234391462,"_wandb":{"runtime":131},"_runtime":131.236977608,"Log BC Loss":-2.055260345575925,"_timestamp":1.7552836220535567e+09,"Log PDE Loss":-0.3440946545869901,"Log IC Loss":-2.3085070142182187,"_step":5999}