{"Log BC Loss":-7.361054582783531,"Log Data Loss":-6.786356503632062,"Log Loss":-6.630276274443648,"_runtime":132.309551207,"_wandb":{"runtime":132},"_timestamp":1.7552900753383126e+09,"Log PDE Loss":-4.409436037245681,"_step":5999,"Log IC Loss":-8.54889867561471}