{"Log Data Loss":-6.276365733487478,"_step":2999,"Log BC Loss":-7.9890252732396965,"Log IC Loss":-5.354874042648386,"Log PDE Loss":-4.233398577551014,"Log Loss":-5.703106538449002,"_wandb":{"runtime":97},"_timestamp":1.7515524770675094e+09,"_runtime":97.613969565}