{"_step":5999,"Log PDE Loss":-2.4943398670482306,"Log Data Loss":-5.115688977351279,"_timestamp":1.7552747115788217e+09,"Log BC Loss":-7.3001618121863245,"Log IC Loss":-5.114476804062842,"_runtime":132.911909646,"Log Loss":-4.918929242254074,"_wandb":{"runtime":132}}