{"Log PDE Loss":-4.500850465557992,"Log IC Loss":-8.668571153730301,"_runtime":176.094025924,"_timestamp":1.755117398445773e+09,"Log BC Loss":-7.424783158315149,"_wandb":{"runtime":176},"_step":5999,"Log Loss":-7.699500960539004,"Log Data Loss":-8.184736264289539}