{"_step":49999,"Log Loss":-12.02972941309889,"Log ODE Loss":-13.101744308499352,"_wandb":{"runtime":50},"Log Data Loss":-12.448763234476525,"_timestamp":1.7526916726072295e+09,"_runtime":50.219719894}