{"Log Loss":-7.046099302668643,"Log BC Loss":-5.703749971095271,"_timestamp":1.7515602016384227e+09,"_runtime":86.580686639,"Log PDE Loss":-4.288847767193399,"Log Data Loss":-7.368438241045032,"Log IC Loss":-9.43210110889245,"_step":3999,"_wandb":{"runtime":86}}