{"Log IC Loss":-7.4706082337676625,"Log Loss":-6.239352498265592,"Log Data Loss":-6.535031948023032,"_step":5999,"Log PDE Loss":-3.47138020896997,"_runtime":135.691480443,"_wandb":{"runtime":135},"_timestamp":1.7550315053495538e+09,"Log BC Loss":-5.891498118475064}