{"Log ODE Loss":-4.508471696466173,"Log Data Loss":-5.233223621889179,"_timestamp":1.7492195544996517e+09,"_runtime":78.139368914,"_step":1995,"Log Loss":-5.212791627585923,"_wandb":{"runtime":78}}