{"Log BC Loss":-6.789849773214618,"_step":5999,"Log Loss":-7.193864953563726,"Log PDE Loss":-3.218019583395189,"Log IC Loss":-4.72299196448275,"_runtime":136.107114705,"_wandb":{"runtime":136},"Log Data Loss":-9.89295389611775,"_timestamp":1.7570128245375667e+09}