{"_runtime":45.854718214,"Log Loss":-6.70123732660849,"Log Data Loss":-7.73550954503945,"_timestamp":1.7560607534043143e+09,"Log IC Loss":-5.016085620471133,"Log BC Loss":-9.16642059486943,"_wandb":{"runtime":45},"_step":5999,"Log PDE Loss":-3.0296187474235476}