{"Log PDE Loss":-3.688731109156748,"_wandb":{"runtime":122},"_timestamp":1.7552069234327796e+09,"Log IC Loss":-6.939474011510535,"_step":5999,"Log Loss":-4.031879332872414,"Log Data Loss":-4.054240107367097,"Log BC Loss":-7.187910310129919,"_runtime":122.909915168}