{"Log PDE Loss":-2.0399607018429076,"Log BC Loss":-6.54204719394721,"_step":5999,"Log Loss":-3.504873025091337,"_wandb":{"runtime":45},"Log Data Loss":-4.588064229804021,"_timestamp":1.7560646138156118e+09,"Log IC Loss":-3.3282220983604245,"_runtime":45.121336643}