{"Log Loss":-10.603602202973613,"Param Diff Mean":-9.857926059967927,"_wandb":{"runtime":61},"_runtime":61.291607398,"Log Data Loss":-10.762155691376792,"Param Diff Sum":-6.456728696844152,"Log ODE Loss":-10.220909682947614,"_timestamp":1.7526950934861443e+09,"Param Diff Mean Squared":-19.127531667904233,"_step":49999}