{"_runtime":223.5983776,"_wandb":{"runtime":223},"_timestamp":1.7504491879286036e+09,"Log PDE Loss":-0.1860826644795039,"Log Loss":-9.072203522395789,"Log IC Loss":-10.520580699273603,"Log BC Loss":-12.24330702796621,"Log Data Loss":-2.914362125715498,"_step":499}