{"_timestamp":1.7526836871327462e+09,"_runtime":53.636462812,"_step":49999,"Log Loss":-10.272904827031175,"Log ODE Loss":-11.998856560731754,"_wandb":{"runtime":53},"Log Data Loss":-10.468924040825032}