{"Log ODE Loss":-6.063639052016219,"Log Data Loss":-9.173464435753093,"_timestamp":1.7514869168088596e+09,"_runtime":645.086966197,"_step":9999,"_wandb":{"runtime":645},"Log Loss":-9.15129489005541}