{"Log BC Loss":-7.732074174773124,"_step":5999,"Log Loss":-7.111520598141381,"_wandb":{"runtime":137},"Log PDE Loss":-4.336100842537659,"Log Data Loss":-7.395397484627894,"Log IC Loss":-9.333617311056338,"_runtime":137.902287935,"_timestamp":1.753214995927955e+09}