{"_wandb":{"runtime":131},"Log Loss":-6.8784131255182475,"Log Data Loss":-7.252854569915709,"Log IC Loss":-6.61006345236807,"_runtime":130.784835633,"_step":5764,"Log PDE Loss":-3.92066606475812,"Log BC Loss":-6.8362634790641055,"_timestamp":1.7570132783328378e+09}