{"_step":5999,"Log BC Loss":-7.054518955008001,"Log PDE Loss":-3.884649028451729,"_wandb":{"runtime":180},"_runtime":180.881641794,"Log IC Loss":-7.703913711831882,"Log Loss":-2.0065505680825964,"Log Data Loss":-2.008944458966752,"_timestamp":1.757020130415847e+09}