{"Log ODE Loss":-4.574862246974547,"Log Data Loss":-10.261536178151953,"_timestamp":1.7556321212746985e+09,"_runtime":18.013184407,"_step":14999,"_wandb":{"runtime":18},"Log Loss":-10.003094157434086}