{"Log PDE Loss":-0.3248667369466793,"Log IC Loss":-2.8742184912398505,"Log BC Loss":-9.296650545055288,"_timestamp":1.7494018698449705e+09,"_wandb":{"runtime":1015},"_runtime":1013.028821597,"_step":678,"Log Loss":0.2525608849463768}