{"_timestamp":1.7526803393347929e+09,"_runtime":28.055353131,"_step":24999,"Log Loss":-13.040977245688088,"Log ODE Loss":-12.378375998503346,"Log Data Loss":-13.256627947823612,"_wandb":{"runtime":28}}