{"Log IC Loss":-5.858484520433728,"_wandb":{"runtime":129},"Log PDE Loss":-2.43563458750277,"Log Data Loss":-2.026910601826534,"Log Loss":-2.016670764556187,"_timestamp":1.755293474346748e+09,"_runtime":129.566869009,"_step":5999,"Log BC Loss":-6.552682840340628}