{"Log PDE Loss":-1.5003745570728138,"Log Data Loss":-1.0247584519196813,"_step":5999,"_wandb":{"runtime":127},"_timestamp":1.755295718493737e+09,"Log Loss":-1.0151797571985623,"Log IC Loss":-5.062847768166553,"Log BC Loss":-5.399582398542342,"_runtime":127.863749991}