{"_runtime":633.358331339,"_wandb":{"runtime":633},"_step":39999,"Log Loss":-9.756551852586213,"Log ODE Loss":-10.144980805056392,"Log IC Loss":-15.45380126486268,"Log Data Loss":-10.900611218061632,"_timestamp":1.7569508230766542e+09}