{"Log Data Loss":-12.990160546976089,"_timestamp":1.7527786529397898e+09,"_runtime":16.886161059,"_step":14999,"_wandb":{"runtime":16},"Log Loss":-12.936714691368781,"Log ODE Loss":-8.984649128757491}