{"Log IC Loss":-3.603204514892123,"_wandb":{"runtime":1050},"Log PDE Loss":0.671476716067475,"_step":499,"Log Data Loss":-3.611164851646842,"_runtime":1049.1403561,"Log BC Loss":-5.878031461732767,"Log Loss":0.4553764521332931,"_timestamp":1.7504466049491563e+09}