{"Log BC Loss":-6.491711387645,"Log PDE Loss":-2.992927847390109,"_step":5999,"_timestamp":1.7552913364149175e+09,"Log Loss":-4.778757002768822,"Log Data Loss":-4.878295935284882,"_wandb":{"runtime":129},"_runtime":129.293917991,"Log IC Loss":-5.835992710436142}