{"Log PDE Loss":-4.488258877231716,"_runtime":137.491471286,"Log Loss":-8.407396047879958,"Log Data Loss":-10.193773780664747,"_timestamp":1.7525865206430163e+09,"_wandb":{"runtime":137},"_step":5999,"Log IC Loss":-6.943801142547928,"Log BC Loss":-7.18760871305716}