{"Log ODE Loss":-7.517375462160771,"_wandb":{"runtime":880},"Log Data Loss":-8.68614141191201,"_timestamp":1.7540679192422774e+09,"_runtime":880.810858993,"_step":9999,"Log Loss":-8.407145544212764}