{"_wandb":{"runtime":6},"Log ODE Loss":-1.1981824790675892,"Log IC Loss":-0.8813016988644361,"Log Data Loss":0.17371080001546743,"_timestamp":1.7537161872627351e+09,"_runtime":6.082146702,"_step":57,"Log Loss":0.6448477521306852}