{"Log IC Loss":-8.485563819355434,"_runtime":135.883619116,"_wandb":{"runtime":135},"Log Data Loss":-5.571801330580611,"Log Loss":-5.516462634090969,"Log BC Loss":-7.194491256254126,"_timestamp":1.755277970047582e+09,"Log PDE Loss":-4.283815487593191,"_step":5999}