{"Log PDE Loss":-2.807776122967841,"_timestamp":1.7514967156414046e+09,"Log IC Loss":-8.700462188035203,"_runtime":203.926261057,"_wandb":{"runtime":203},"Log Data Loss":-7.674269370857506,"_step":6999,"Log Loss":-6.841179553280159,"Log BC Loss":-7.330605232205887}