{"Log ODE Loss":-6.949505292570887,"Log Data Loss":-6.609591677424742,"_wandb":{"runtime":644},"_timestamp":1.753982769417261e+09,"_runtime":644.510723602,"_step":9999,"Log Loss":-6.540827846955392}