{"_timestamp":1.7551200884349096e+09,"Log BC Loss":-7.162454719684699,"Log Data Loss":-7.580604993711003,"_wandb":{"runtime":128},"_step":5999,"Log Loss":-7.1217996647707436,"_runtime":128.55943767,"Log IC Loss":-7.0204697073270435,"Log PDE Loss":-3.979679094630801}