{"_timestamp":1.7570193545870628e+09,"_step":5999,"Log PDE Loss":-1.541617863708586,"_wandb":{"runtime":136},"_runtime":136.633380617,"Log Data Loss":-6.5881883113607245,"Log IC Loss":-3.280027352233399,"Log BC Loss":-3.8290646492234806,"Log Loss":-5.262830335105369}