{"Param Diff Mean Squared":-18.432714677551186,"Param Diff Mean":-10.00513548368013,"_wandb":{"runtime":31},"_step":14999,"_timestamp":1.7526985728191693e+09,"Log Data Loss":-11.409243955389059,"Log Loss":-11.391986964418262,"Log ODE Loss":-8.552386922252763,"_runtime":31.016722255,"Param Diff Sum":-1.9987679207551547}