{"_runtime":181.127920366,"_step":5999,"Log Loss":-7.791635019688371,"Log Data Loss":-8.339566927050253,"Log IC Loss":-8.644569101250934,"_timestamp":1.7551168259117289e+09,"_wandb":{"runtime":181},"Log PDE Loss":-4.500383468159431,"Log BC Loss":-7.423735113025464}