{"Log PDE Loss":-3.773593172362819,"Log BC Loss":-7.287144633579436,"Log Data Loss":-4.50855295061427,"_runtime":141.095079228,"_timestamp":1.755265061056308e+09,"_step":5999,"Log IC Loss":-7.191026948334039,"Log Loss":-4.476486438967094,"_wandb":{"runtime":141}}