{"Log PDE Loss":-1.1573424774152845,"_step":5999,"Log IC Loss":-2.922775829794632,"_wandb":{"runtime":134},"Log BC Loss":-2.654319219098901,"_timestamp":1.757020541857181e+09,"_runtime":134.583687053,"Log Loss":-4.79994314804593,"Log Data Loss":-6.086170615184073}