{"_wandb":{"runtime":153},"_step":5999,"_runtime":153.192957094,"Log PDE Loss":-4.4096708474720785,"Log Data Loss":-4.2794201705549675,"Log IC Loss":-8.55658281325137,"Log BC Loss":-7.411291752919437,"_timestamp":1.7552062867566652e+09,"Log Loss":-4.265770470737015}