{"Log Data Loss":-1.695135036550181,"_timestamp":1.7552814469002876e+09,"_runtime":179.504050863,"Log Loss":-1.6933597514307757,"_wandb":{"runtime":179},"Log IC Loss":-7.579099295249771,"Log BC Loss":-7.486041462077907,"_step":5999,"Log PDE Loss":-3.8617608524271674}