{"_timestamp":1.7540586786289525e+09,"_runtime":647.152673725,"_step":39999,"Log Loss":-9.756551852586213,"Log ODE Loss":-10.144980805056392,"Log IC Loss":-15.45380126486268,"Log Data Loss":-10.900611218061632,"_wandb":{"runtime":647}}