{"_step":5999,"Log BC Loss":-7.422430445927575,"Log Data Loss":-5.06989027105114,"_runtime":191.359447526,"Log IC Loss":-8.31890347378378,"_wandb":{"runtime":191},"_timestamp":1.755263694109379e+09,"Log PDE Loss":-4.458161822038739,"Log Loss":-5.041309035178319}