{"Log BC Loss":-5.344516415853797,"Log Loss":-7.534691454364388,"Log PDE Loss":-4.429839056734768,"Log IC Loss":-8.638147782251739,"Log Data Loss":-8.092039113937577,"_runtime":121.50759513,"_step":5999,"_wandb":{"runtime":121},"_timestamp":1.7553750266932395e+09}