{"_runtime":117.46164786,"Log BC Loss":-6.859479505852715,"_timestamp":1.7552060132650034e+09,"_step":5999,"_wandb":{"runtime":117},"Log PDE Loss":-2.691341222923747,"Log IC Loss":-5.619011520368849,"Log Data Loss":-5.50064682029883,"Log Loss":-5.269194553117043}