{"_step":49999,"Log Loss":-14.056098560224605,"Log ODE Loss":-13.352771181522177,"_wandb":{"runtime":50},"Log Data Loss":-14.281803455218869,"_timestamp":1.7526925229583454e+09,"_runtime":50.175260819}