{"Log BC Loss":-7.227357404068865,"_step":5999,"_runtime":183.27996734,"_wandb":{"runtime":183},"Log Data Loss":-3.385607881593956,"Log PDE Loss":-4.208731989919407,"Log Loss":-3.378761322391791,"Log IC Loss":-8.35235191364669,"_timestamp":1.7570183413245404e+09}