{"_step":6999,"Log PDE Loss":-4.926285846407563,"Log Loss":-6.5108546981952475,"Log IC Loss":-8.575766790823064,"Log BC Loss":-8.102157396619807,"_wandb":{"runtime":202},"_runtime":202.874384867,"Log Data Loss":-7.180381559586804,"_timestamp":1.7515527044059086e+09}