{"Log ODE Loss":-5.523918038013012,"Log Data Loss":-5.720016119812813,"_timestamp":1.7569958210330396e+09,"_runtime":882.352372292,"_step":9999,"Log Loss":-5.605202254688771,"_wandb":{"runtime":882}}