{"Log IC Loss":-8.37638915692644,"Log BC Loss":-7.479384087451453,"_wandb":{"runtime":182},"Log Data Loss":-4.071595904045087,"_runtime":182.56687766,"Log PDE Loss":-4.372542297035878,"_timestamp":1.7552661145985832e+09,"Log Loss":-4.060094343129839,"_step":5999}