{"Log PDE Loss":-2.678762910568779,"Log BC Loss":-6.6725707288259395,"_wandb":{"runtime":118},"Log Data Loss":-7.564821598137324,"_timestamp":1.7552051102356534e+09,"_step":5999,"Log IC Loss":-4.986156721975115,"_runtime":118.41867718,"Log Loss":-6.419751891655816}