{"_timestamp":1.7507839956454737e+09,"_step":4999,"Log Data Loss":-8.734504846180531,"_runtime":60.444286052,"Log BC Loss":-10.472559770321986,"_wandb":{"runtime":60},"Log Loss":-8.033807363570011,"Log PDE Loss":-4.115700481575521,"Log IC Loss":-8.507932534987717,"Predicted K":3.121548652648926}