{"_step":9999,"Log Loss":-10.204048134768533,"Log ODE Loss":-8.350233824693811,"Log Data Loss":-11.221299247042959,"_timestamp":1.754056952273696e+09,"_runtime":91.500056537,"_wandb":{"runtime":91}}