{"Log BC Loss":-7.405108659711046,"Log Loss":-4.175654908202097,"Log IC Loss":-8.597605223139357,"_runtime":176.850083117,"Log Data Loss":-4.187847364173419,"_step":5999,"Log PDE Loss":-4.432481201210797,"_timestamp":1.7552910754712746e+09,"_wandb":{"runtime":176}}