{"Log PDE Loss":-4.947949043294641,"Log BC Loss":-8.093951739876,"_timestamp":1.7515533199859242e+09,"Log Loss":-6.520956414039643,"Log Data Loss":-7.178953796238955,"_wandb":{"runtime":210},"Log IC Loss":-8.56840366431519,"_step":6999,"_runtime":210.607679907}