{"Log Loss":-7.08607297825284,"_runtime":45.32897574,"Log IC Loss":-6.984495205745798,"Log Data Loss":-7.775100576956308,"_timestamp":1.7560640362615921e+09,"_step":5999,"_wandb":{"runtime":45},"Log PDE Loss":-3.607234679246098,"Log BC Loss":-10.011732923538075}