{"Log PDE Loss":-4.0700544433849295,"Log IC Loss":-7.6344990020971375,"Log Loss":-5.026175797059025,"Log Data Loss":-5.06768834847158,"_runtime":121.482886074,"_wandb":{"runtime":121},"_timestamp":1.7552048727489882e+09,"_step":5999,"Log BC Loss":-7.4315246660889756}