{"Log BC Loss":-10.370788250678952,"Log Data Loss":-9.198884712936326,"Log PDE Loss":-4.009799968332336,"_runtime":54.976630488,"Predicted K":2.7318716049194336,"_timestamp":1.7507855256591218e+09,"Log Loss":-8.170456991480071,"_step":4999,"Log IC Loss":-8.001419239174707,"_wandb":{"runtime":55}}