{"_timestamp":1.7506967352128222e+09,"Log Data Loss":-7.68390602104115,"Log IC Loss":-6.266329079251148,"_step":1002,"Log PDE Loss":-0.015798252031081483,"Log BC Loss":-27.631021115928547,"_wandb":{"runtime":27},"Log Loss":-6.42377267807502,"_runtime":26.4121702}