{"Log BC Loss":-7.795531479737787,"_timestamp":1.7532136761921444e+09,"Log Loss":-7.33108242959961,"_runtime":184.963586901,"_step":5999,"_wandb":{"runtime":184},"Log IC Loss":-9.412419375369257,"Log PDE Loss":-4.369424210191623,"Log Data Loss":-7.684167321438752}