{"Log IC Loss":-9.412765230678085,"_wandb":{"runtime":195},"Log Data Loss":-7.687376549689926,"_step":5999,"Log Loss":-7.333338030175545,"_runtime":195.51491485,"_timestamp":1.7524485651523266e+09,"Log BC Loss":-7.794473165946744,"Log PDE Loss":-4.369452903973425}