{"Log Loss":-7.073139166415424,"_step":5999,"Log PDE Loss":-4.2707152674471525,"_wandb":{"runtime":122},"_timestamp":1.7525990182465537e+09,"_runtime":122.652417357,"Log IC Loss":-9.418426510455433,"Log BC Loss":-5.726208321116621,"Log Data Loss":-7.4109679208869235}