{"Log IC Loss":-8.460802148855135,"_runtime":183.892469987,"_step":5999,"Log BC Loss":-7.130548725012509,"Log PDE Loss":-4.300426630060144,"Log Loss":-5.466750942662776,"_timestamp":1.757017147576156e+09,"_wandb":{"runtime":183},"Log Data Loss":-5.518620764693301}