{"Log ODE Loss":-7.9256895926127005,"Log Data Loss":-9.46171498910577,"_wandb":{"runtime":628},"_timestamp":1.7539818695970502e+09,"_runtime":628.60264229,"_step":9999,"Log Loss":-9.080126882475746}