{"_timestamp":1.7552930437978466e+09,"Log PDE Loss":-1.0379514278842907,"_runtime":135.73600165,"Log Loss":-3.0006542844928776,"_step":5999,"_wandb":{"runtime":135},"Log Data Loss":-3.1272711279187235,"Log IC Loss":-3.3462975996034405,"Log BC Loss":-3.67930109650053}