{"Log BC Loss":-10.516661269826473,"_timestamp":1.7507849249943962e+09,"Log Data Loss":-9.402445573411041,"Log Loss":-8.269173723962954,"Log PDE Loss":-4.054354994914326,"Log IC Loss":-8.176298002513036,"Predicted K":3.1262056827545166,"_runtime":54.754440829,"_step":4999,"_wandb":{"runtime":54}}