{"Log Data Loss":-2.006824907832205,"_step":5999,"_wandb":{"runtime":179},"_runtime":179.019616397,"Log PDE Loss":-3.9980917242397727,"_timestamp":1.7552808608797057e+09,"Log IC Loss":-7.908212285240404,"Log Loss":-2.0047037553129745,"Log BC Loss":-7.342573037825211}