{"Log PDE Loss":0.06854580030799548,"Log BC Loss":-2.2885915666545795,"Log Loss":-1.9170925117659168,"Log Data Loss":-2.0455116821722,"_runtime":135.135581576,"_step":5999,"_wandb":{"runtime":135},"_timestamp":1.7552952854798641e+09,"Log IC Loss":-2.7465305202371955}