{"Log Loss":-7.5077770321284225,"_wandb":{"runtime":145},"Log PDE Loss":-4.064789556456423,"_timestamp":1.7514962637318563e+09,"Log BC Loss":-7.010322515174913,"Log Data Loss":-7.8855890689506465,"_runtime":145.232608698,"_step":6999,"Log IC Loss":-9.150513157303193}