{"_runtime":182.279881729,"_wandb":{"runtime":182},"Log Loss":-7.710452746610712,"Log PDE Loss":-4.501365363341178,"_timestamp":1.7552883574324312e+09,"Log Data Loss":-8.202327146568845,"Log IC Loss":-8.658389853373864,"_step":5999,"Log BC Loss":-7.425409953971145}