{"_runtime":138.419487488,"_wandb":{"runtime":138},"Log Data Loss":-6.80687430237289,"Log PDE Loss":-4.312449798274728,"_step":5999,"Log Loss":-6.635772527765268,"Log BC Loss":-7.752542180484304,"Log IC Loss":-9.103496693932447,"_timestamp":1.7532155868890936e+09}