{"Log ODE Loss":-5.342020276052053,"Log Data Loss":-5.064345109544567,"_timestamp":1.7569940405172982e+09,"_runtime":882.924861569,"_step":9999,"_wandb":{"runtime":882},"Log Loss":-4.991323019209614}