{"_wandb":{"runtime":117},"Log Loss":-6.276609648845169,"_timestamp":1.755205620930961e+09,"Log BC Loss":-6.491372939087485,"Log IC Loss":-4.864355919886015,"Log Data Loss":-7.5251414703151625,"Log PDE Loss":-2.486445513858098,"_runtime":117.459818019,"_step":5999}