{"_timestamp":1.755277390204629e+09,"_step":5999,"_wandb":{"runtime":135},"Log Data Loss":-6.779899298941006,"Log PDE Loss":-4.410888287010579,"_runtime":135.387056924,"Log IC Loss":-8.570220936840732,"Log BC Loss":-7.374189217093023,"Log Loss":-6.625042390447917}