{"_step":9999,"Log Loss":-11.052146169350513,"Log ODE Loss":-9.565291230975523,"Log Data Loss":-11.636109464926873,"_timestamp":1.7515730066214566e+09,"_wandb":{"runtime":79},"_runtime":79.477722647}