{"_step":9999,"_wandb":{"runtime":737},"Log Loss":-6.87792577765728,"Log ODE Loss":-6.5283210004958905,"Log Data Loss":-6.89221238685592,"_timestamp":1.7491561419053278e+09,"_runtime":737.68628426}