{"Log BC Loss":-7.090722216771854,"Log IC Loss":-5.1823722989486285,"Log Loss":-7.629688970876943,"Log PDE Loss":-3.6402990947567564,"Log Data Loss":-10.495164615274726,"_wandb":{"runtime":129},"_runtime":129.712675272,"_step":5999,"_timestamp":1.7551184799872112e+09}