{"Log ODE Loss":-6.164265529888963,"Log Data Loss":-11.046647808595377,"_timestamp":1.7569487452981682e+09,"_runtime":30.219615743,"_wandb":{"runtime":30},"_step":14999,"Log Loss":-10.922710736547831}