{"_runtime":140.832838797,"_step":5999,"Log Loss":-7.562686552418312,"Log PDE Loss":-4.275725099099404,"_wandb":{"runtime":140},"_timestamp":1.7570125487181375e+09,"Log BC Loss":-7.107978203338287,"Log Data Loss":-8.109217298608113,"Log IC Loss":-8.512892781496289}