{"Log Loss":-7.413264741573934,"Log ODE Loss":-7.735821456368047,"Log IC Loss":-9.55096196346441,"_wandb":{"runtime":848},"Log Data Loss":-9.259824400925705,"_timestamp":1.753722142707969e+09,"_runtime":848.545588276,"_step":39999}