{"_runtime":29.154987074,"_step":14999,"_wandb":{"runtime":29},"Log Loss":-11.192688986692465,"Log ODE Loss":-8.193677332724219,"Log Data Loss":-11.212958719309258,"_timestamp":1.7539718471095302e+09}