{"Log Data Loss":-3.891010172682627,"Log BC Loss":-4.19309683534482,"_wandb":{"runtime":227},"_runtime":226.8646182,"_timestamp":1.7504494403960052e+09,"Log PDE Loss":3.1422589566755037,"Log IC Loss":-4.1902928847960235,"Log Loss":0.05239508701806903,"_step":499}