{"Log Loss":-13.877643597253376,"Log ODE Loss":-12.670368117438509,"Log Data Loss":-14.2847641606834,"_timestamp":1.7526800847254777e+09,"_runtime":27.536494926,"_step":24999,"_wandb":{"runtime":27}}