{"_wandb":{"runtime":130},"Log IC Loss":-5.2645473579362685,"Log Loss":-1.0088439030788725,"_step":5999,"Log Data Loss":-1.018026620071289,"_timestamp":1.7552833599976957e+09,"Log BC Loss":-5.1424726586968745,"_runtime":130.740627322,"Log PDE Loss":-1.5377694246227336}