{"_timestamp":1.7532163124401064e+09,"Log BC Loss":-7.581021800940616,"_runtime":135.111455511,"Log Loss":-6.613945475074761,"Log Data Loss":-6.892981323329503,"Log IC Loss":-7.3949853298177,"Log PDE Loss":-3.861959084846559,"_wandb":{"runtime":135},"_step":5999}