{"Log PDE Loss":-4.2010286400742665,"_runtime":134.380580766,"_step":5999,"_wandb":{"runtime":134},"Log IC Loss":-7.130687293086624,"Log Loss":-7.663153992544572,"_timestamp":1.7552769417425792e+09,"Log BC Loss":-7.127540172129501,"Log Data Loss":-8.381385704632077}