{"_runtime":142.363258653,"Log Loss":-7.136524923771245,"_step":5999,"Log BC Loss":-7.626077919892413,"Log IC Loss":-8.249373877106052,"_timestamp":1.7532123608668013e+09,"Log PDE Loss":-4.1457832836943895,"_wandb":{"runtime":142},"Log Data Loss":-7.50458114737635}