{"_timestamp":1.7552951497115667e+09,"_step":5999,"_wandb":{"runtime":138},"Log BC Loss":-5.2874237487338425,"Log Data Loss":-1.2332982935237187,"Log Loss":-1.2225500734105483,"Log IC Loss":-4.948538153088844,"Log PDE Loss":-1.6005816837548155,"_runtime":138.46889118}