{"Log PDE Loss":-5.028960358727861,"Log IC Loss":-4.302726684081152,"_timestamp":1.7507730863372056e+09,"_step":1999,"Log Data Loss":-2.8731009398947753,"Log BC Loss":-8.37849237118569,"_runtime":32.48504744,"Predicted K":0.22608818113803864,"_wandb":{"runtime":32},"Log Loss":-2.5661554394020176}