{"_timestamp":1.7527714469058778e+09,"_runtime":29.201987629,"_step":14999,"Log Loss":-11.34909046970605,"Log ODE Loss":-7.57996808097702,"_wandb":{"runtime":29},"Log Data Loss":-11.393399805521097}