{"_timestamp":1.7550313503564475e+09,"Log Data Loss":-7.96676913301349,"Log PDE Loss":-1.6408850490295015,"_step":2676,"_wandb":{"runtime":73},"Log BC Loss":-6.240387522338233,"Log IC Loss":-4.174198233006879,"_runtime":72.987640433,"Log Loss":-5.675985312906285}