{"_wandb":{"runtime":57},"_runtime":57.325592872,"_step":49999,"Log Loss":-10.559913785943408,"Log ODE Loss":-10.190997200667313,"Log Data Loss":-10.716119404897276,"_timestamp":1.7526931221242275e+09}