{"Log IC Loss":-6.490738042867235,"Log Data Loss":-7.842078121296353,"_step":1000,"Log Loss":-7.838222994547492,"Log BC Loss":1.000088900581841e-12,"_wandb":{"runtime":19},"_timestamp":1.7507066825193994e+09,"Log PDE Loss":1.000088900581841e-12,"_runtime":16.8552942}