{"Log Data Loss":-3.7623509274755356,"_timestamp":1.7526819512272446e+09,"_runtime":64.2964899,"_step":49999,"_wandb":{"runtime":64},"Log Loss":-3.4700138054407716,"Log ODE Loss":-4.842471757511466}