{"Log IC Loss":-4.207561223893898,"_step":5999,"Log Loss":-5.927112376390365,"Log Data Loss":-7.267905633725189,"Log PDE Loss":-2.1236891114585306,"_runtime":118.65010123,"_wandb":{"runtime":118},"Log BC Loss":-5.95502805968036,"_timestamp":1.7552071620845664e+09}