{"_wandb":{"runtime":60},"Param Diff Mean Squared":-15.766160287108908,"Param Diff Mean":-8.461672538441908,"Log ODE Loss":-9.367744825266016,"Log Loss":-9.546880157027523,"Log Data Loss":-9.67427979410288,"_runtime":60.904806362,"_step":49999,"_timestamp":1.7526947456265278e+09,"Param Diff Sum":-5.060475147602419}