{"_wandb":{"runtime":118},"Log PDE Loss":-2.6982709552299804,"_timestamp":1.7551984017894115e+09,"Log BC Loss":-6.998222243879331,"Log Data Loss":-7.9372606263643215,"Log Loss":-6.5259373988761675,"_step":5999,"Log IC Loss":-4.723960790523234,"_runtime":118.847583707}