{"_runtime":7589.634733984,"_step":4999,"Log Loss":-7.019054161876847,"Log PDE Loss":-7.152038900397219,"_wandb":{"runtime":7590},"Log IC Loss":-12.118653529198887,"Log BC Loss":-9.775302847991432,"_timestamp":1.7494113050105011e+09}