{"_runtime":183.69227337,"Log Data Loss":-1.6999174377139064,"Log Loss":-1.6978970011807653,"_wandb":{"runtime":183},"_step":5999,"_timestamp":1.757020726096423e+09,"Log IC Loss":-7.613845869087087,"Log PDE Loss":-3.7389212195813744,"Log BC Loss":-7.146502989190548}