{"Log Data Loss":-5.064345109544567,"_timestamp":1.7540699132215445e+09,"_runtime":904.653413624,"_step":9999,"_wandb":{"runtime":904},"Log Loss":-4.991323019209614,"Log ODE Loss":-5.342020276052053}