{"Log IC Loss":-7.121857564409282,"Log BC Loss":-7.151939993232139,"Log Data Loss":-8.386265437744477,"_runtime":128.64980083,"_step":5999,"Log PDE Loss":-4.205845559832918,"Log Loss":-7.668098861361468,"_timestamp":1.755289638098759e+09,"_wandb":{"runtime":128}}