{"_timestamp":1.7569482101134028e+09,"_runtime":29.895330064,"_step":14999,"_wandb":{"runtime":29},"Log Loss":-11.192688986692465,"Log ODE Loss":-8.193677332724219,"Log Data Loss":-11.212958719309258}