{"_runtime":208.03820607,"Log PDE Loss":-2.807776122967841,"_step":6999,"Log Loss":-6.841179553280159,"Log IC Loss":-8.700462188035203,"Log BC Loss":-7.330605232205887,"Log Data Loss":-7.674269370857506,"_timestamp":1.7515516641816764e+09,"_wandb":{"runtime":208}}