{"Log Data Loss":-8.321661875335835,"_step":5999,"Log Loss":-7.547252894608011,"Log PDE Loss":-4.045931570730937,"Log IC Loss":-6.80835818804886,"_timestamp":1.7570120829015968e+09,"_runtime":148.762863762,"_wandb":{"runtime":148},"Log BC Loss":-6.819748727208417}