{"_runtime":135.499823273,"Log Data Loss":-6.916051898080609,"_timestamp":1.7570187550748494e+09,"_wandb":{"runtime":135},"Log PDE Loss":-1.7596872380213031,"Log BC Loss":-4.21659875952537,"Log Loss":-5.533376606969299,"_step":5999,"Log IC Loss":-3.7639700696552087}