{"Log BC Loss":-6.044988180641384,"_step":5999,"Log Data Loss":-1.718719358448427,"_timestamp":1.7570208664532375e+09,"_wandb":{"runtime":139},"_runtime":139.664786284,"Log Loss":-1.70974338450121,"Log IC Loss":-5.905947187000751,"Log PDE Loss":-2.25973856745619}