{"Log valData Loss":0.9277665706093882,"Log IC Loss":-16.80265685159794,"Log Data Loss":-11.012868762819975,"_wandb":{"runtime":1068},"_timestamp":1.7549317049466083e+09,"_step":34839,"Log ODE Loss":-9.67480132605749,"Log valIC Loss":1.0531150272455936,"Log valODE Loss":-14.903348423526378,"_runtime":1067.966090384,"Log Loss":-9.441189055626904,"Log valLoss":-14.903348423526378}