{"Log Loss":-4.0598763234634845,"_timestamp":1.7552745780454102e+09,"_runtime":135.790716145,"Log PDE Loss":-3.6229740564642485,"Log IC Loss":-6.9923165827773275,"Log BC Loss":-7.402859792589728,"_wandb":{"runtime":135},"Log Data Loss":-4.084276174519807,"_step":5999}