{"_wandb":{"runtime":44},"Log IC Loss":-5.016085620471133,"_step":5999,"Log Loss":-6.70123732660849,"Log PDE Loss":-3.0296187474235476,"Log Data Loss":-7.73550954503945,"_timestamp":1.7560620793599496e+09,"Log BC Loss":-9.16642059486943,"_runtime":44.338369588}