{"Log BC Loss":-6.08941097690568,"_timestamp":1.7552061328559055e+09,"_wandb":{"runtime":118},"_runtime":118.942852002,"Log PDE Loss":-2.1353379961705765,"Log Data Loss":-7.420659864135499,"_step":5999,"Log Loss":-5.9665151670249195,"Log IC Loss":-4.082413199130489}