{"_timestamp":1.7552772541799476e+09,"_step":5999,"Log BC Loss":-7.415840510397093,"Log PDE Loss":-4.49843595797077,"_wandb":{"runtime":177},"Log Loss":-6.614100733158108,"Log Data Loss":-6.7536680000176155,"Log IC Loss":-8.613992685675761,"_runtime":177.008519634}