{"Log IC Loss":-5.127278309553877,"_wandb":{"runtime":127},"Log Loss":-7.383455820790579,"_runtime":127.590096207,"Log PDE Loss":-3.5221192027634047,"_timestamp":1.7552903324826782e+09,"Log Data Loss":-9.106030951099362,"_step":5999,"Log BC Loss":-7.1213587963790195}