{"_runtime":129.800438158,"_step":5999,"Log Loss":-1.4541013097889997,"Log BC Loss":-5.668987889206917,"Log Data Loss":-1.4648463110357934,"_wandb":{"runtime":129},"Log PDE Loss":-1.8275143534987124,"Log IC Loss":-5.298369916873731,"_timestamp":1.7552945765776556e+09}