{"_step":5999,"Log BC Loss":-9.16642059486943,"Log PDE Loss":-3.0296187474235476,"_runtime":43.65961277,"_wandb":{"runtime":43},"_timestamp":1.756060894057699e+09,"Log Data Loss":-7.73550954503945,"Log IC Loss":-5.016085620471133,"Log Loss":-6.70123732660849}