{"Log BC Loss":-5.706478348344702,"Log Data Loss":-7.449791778065588,"_timestamp":1.7515600607278836e+09,"_runtime":86.048719164,"_step":3999,"Log IC Loss":-9.335248865595327,"_wandb":{"runtime":86},"Log Loss":-7.148020349557463,"Log PDE Loss":-4.070253964719838}