{"_runtime":185.109717746,"_step":5999,"_wandb":{"runtime":185},"Log PDE Loss":-4.369452903973425,"_timestamp":1.7525979205379817e+09,"Log IC Loss":-9.412765230678085,"Log Data Loss":-7.687376549689926,"Log Loss":-7.333338030175545,"Log BC Loss":-7.794473165946744}