{"_runtime":80.415397085,"_step":9999,"Log Loss":-10.729415231927279,"Log ODE Loss":-9.15507696984401,"Log Data Loss":-11.388653149960737,"_wandb":{"runtime":80},"_timestamp":1.7515725168864534e+09}