{"Log Loss":-3.998941259860413,"Log Data Loss":-5.282178857698573,"_runtime":132.778287226,"Log IC Loss":-2.5275778399601334,"_wandb":{"runtime":132},"Log PDE Loss":-0.3144991037951309,"Log BC Loss":-1.8952185776627408,"_step":5999,"_timestamp":1.7552830503698022e+09}