{"Log BC Loss":-6.699794575673167,"_runtime":364.27317,"_step":12,"Log IC Loss":-2.9911450428158,"Log Data Loss":-3.007561498246185,"Log PDE Loss":-1.5929237814457515,"_wandb":{"runtime":390},"_timestamp":1.7504380862725592e+09,"Log Loss":0.7346554324721237}