{"_wandb":{"runtime":138},"Log Data Loss":-8.105230032934456,"_timestamp":1.7570160813410506e+09,"_runtime":138.684347546,"Log IC Loss":-8.507515155369566,"Log BC Loss":-7.111611020626683,"_step":5999,"Log Loss":-7.5606649680254865,"Log PDE Loss":-4.276355962196502}