{"_wandb":{"runtime":3211},"Log Loss":-5.327809396846922,"Log PDE Loss":-5.450102871658952,"Log IC Loss":-10.097043318824959,"Log BC Loss":-8.826313972578928,"_timestamp":1.7494001220880933e+09,"_runtime":3210.698062247,"_step":1999}