{"Log ODE Loss":-5.003892808016861,"Log Data Loss":-3.560139632725502,"_timestamp":1.7540690061946776e+09,"_runtime":949.150882669,"_step":9999,"Log Loss":-3.5368099015080015,"_wandb":{"runtime":949}}