{"Log Loss":-3.0518875518950312,"Log BC Loss":-3.75665983609265,"_runtime":136.209330258,"Log PDE Loss":-0.898548284268681,"_wandb":{"runtime":136},"Log IC Loss":-3.2485388950390077,"Log Data Loss":-3.2054590978129403,"_step":5999,"_timestamp":1.7570198129392903e+09}