{"Log Loss":-11.368139518390395,"Log ODE Loss":-7.580201245461938,"Log Data Loss":-11.413309751255461,"_timestamp":1.7527796105590382e+09,"_wandb":{"runtime":29},"_runtime":29.437773172,"_step":14999}