{"_timestamp":1.756948875447647e+09,"_runtime":29.755275044,"_step":14999,"Log Loss":-10.077133524400002,"Log ODE Loss":-4.1904665327986725,"Log Data Loss":-10.523737406549213,"_wandb":{"runtime":29}}