{"_timestamp":1.7524256515450587e+09,"_runtime":379.876528768,"_step":9999,"Log Loss":-9.080126882475746,"Log ODE Loss":-7.9256895926127005,"_wandb":{"runtime":379},"Log Data Loss":-9.46171498910577}