{"_runtime":143.692756771,"Log Loss":-4.012248317163617,"Log PDE Loss":-2.151966659150026,"Log Data Loss":-4.121172461006926,"_step":5999,"Log BC Loss":-5.790321999523051,"_wandb":{"runtime":143},"Log IC Loss":-4.679979353971596,"_timestamp":1.7552792823937833e+09}