{"Log PDE Loss":-4.450700242276485,"_step":5999,"Log IC Loss":-8.67075346922106,"Log BC Loss":-7.395777094032962,"_timestamp":1.7552768067499123e+09,"_wandb":{"runtime":136},"Log Loss":-7.6978146876923,"Log Data Loss":-8.2137302040039,"_runtime":136.933534894}