{"Log ODE Loss":-7.351795116821008,"Log Data Loss":-10.815789500989796,"_timestamp":1.7556393587943554e+09,"_runtime":97.611359092,"_step":9999,"_wandb":{"runtime":97},"Log Loss":-9.382031541626997}