{"Log Loss":-6.598616713928448,"Log ODE Loss":-6.340010941154638,"Log Data Loss":-6.737318427790964,"_timestamp":1.7531957862831783e+09,"_runtime":577.233836297,"_wandb":{"runtime":577},"_step":9999}