{"Log Loss":-7.3649791875706345,"_timestamp":1.7532119454912302e+09,"_runtime":143.411012172,"Log BC Loss":-7.582100166985012,"Log Data Loss":-7.799542429955879,"_wandb":{"runtime":143},"_step":5999,"Log PDE Loss":-4.241955879083232,"Log IC Loss":-8.364657179384512}