{"Log Data Loss":-11.480416376876637,"Log Loss":-8.916595451793624,"_timestamp":1.7507872491407304e+09,"Log IC Loss":-6.706246168113271,"_step":4999,"_runtime":52.077197408,"_wandb":{"runtime":52},"Log PDE Loss":-4.401674529853043,"Log BC Loss":-10.701417123798098,"Predicted K":2.70194673538208}