{"_wandb":{"runtime":121},"_step":5999,"_runtime":121.507703383,"Log Loss":-4.46801707727243,"Log PDE Loss":-3.891603303006785,"Log IC Loss":-7.416473437858607,"Log BC Loss":-7.489222590765639,"Log Data Loss":-4.496114446698239,"_timestamp":1.755205895205771e+09}