{"_runtime":80.20644813,"_step":9999,"Log Loss":-9.889936300256718,"Log ODE Loss":-8.082041021055087,"_wandb":{"runtime":80},"Log Data Loss":-10.83092963344062,"_timestamp":1.7515740186675231e+09}