{"_step":39999,"Log Loss":-6.716777449337595,"Log ODE Loss":-6.961771231327631,"Log IC Loss":-16.63988494436725,"_wandb":{"runtime":754},"Log Data Loss":-8.24352299482632,"_timestamp":1.7537173174616098e+09,"_runtime":754.702234262}