{"_wandb":{"runtime":178},"_timestamp":1.7552784171721482e+09,"_runtime":178.585111859,"_step":5999,"Log Loss":-4.178625340060313,"Log PDE Loss":-4.43168935927931,"Log IC Loss":-8.492918677497757,"Log BC Loss":-7.482843729978184,"Log Data Loss":-4.190847027596625}