{"_step":5999,"_wandb":{"runtime":144},"Log BC Loss":-7.18760871305716,"_timestamp":1.7532117357675028e+09,"Log PDE Loss":-4.488258877231716,"Log IC Loss":-6.943801142547928,"Log Data Loss":-10.193773780664747,"_runtime":143.989186621,"Log Loss":-8.407396047879958}