{"Log IC Loss":-6.465122934234792,"_runtime":137.687621414,"Log Data Loss":-6.146379613918547,"_step":5999,"_timestamp":1.7570174268251889e+09,"_wandb":{"runtime":137},"Log BC Loss":-6.886620046296222,"Log PDE Loss":-3.675639210246206,"Log Loss":-5.972839238261663}