{"_runtime":89.332198086,"_step":52,"Log Loss":0.2175342626614148,"_wandb":{"runtime":90},"Log PDE Loss":-2.0783062410574105,"Log IC Loss":-2.1915381905401934,"Log BC Loss":-7.778381844105194,"_timestamp":1.7494789585667624e+09}