{"_timestamp":1.7526915231032364e+09,"_runtime":50.578160986,"_step":49999,"Log Loss":-11.511829149845642,"Log ODE Loss":-12.933859036884328,"_wandb":{"runtime":50},"Log Data Loss":-11.78787760886992}