{"_runtime":652.032265958,"_wandb":{"runtime":652},"_step":9999,"Log Loss":-4.572079397312829,"Log ODE Loss":-5.325425850749965,"Log Data Loss":-4.57255028520745,"_timestamp":1.7514849926046767e+09}