{"Log PDE Loss":-3.1874490512474285,"_timestamp":1.7551978892999086e+09,"Log BC Loss":-7.183707328330737,"Log IC Loss":-5.109005876474214,"_wandb":{"runtime":120},"Log Loss":-7.098588643875145,"_step":5999,"Log Data Loss":-8.88027856548009,"_runtime":120.589056373}