{"Log ODE Loss":-7.62091962044624,"Log Data Loss":-13.086736013565801,"_wandb":{"runtime":11},"_timestamp":1.7492281578688395e+09,"_runtime":11.670238137,"_step":9999,"Log Loss":-12.874476388208272}