{"_wandb":{"runtime":138},"Log Loss":-4.003661455932632,"_step":5999,"Log PDE Loss":-2.33229757154271,"Log IC Loss":-5.2363080606475325,"_runtime":138.182608941,"Log BC Loss":-6.322868339154317,"Log Data Loss":-4.0910619624812385,"_timestamp":1.7570186190367975e+09}