{"Log Data Loss":-7.0158202363168,"Log BC Loss":-7.388083133470385,"Log Loss":-6.8216823296220666,"_step":5999,"_wandb":{"runtime":134},"_timestamp":1.7551199592202148e+09,"_runtime":133.972028863,"Log PDE Loss":-4.399662974042999,"Log IC Loss":-8.563956608067656}