{"Log ODE Loss":-12.025154023100509,"Log Data Loss":-10.490755252362188,"_wandb":{"runtime":58},"_timestamp":1.7526842501133442e+09,"_runtime":58.964803846,"_step":49999,"Log Loss":-10.295529616097765}