{"Log Loss":-3.436298196751292,"Log ODE Loss":-4.7572551301463175,"_wandb":{"runtime":53},"Log Data Loss":-3.7467438343305797,"_timestamp":1.7526820780369716e+09,"_runtime":53.027490562,"_step":49999}