{"Log BC Loss":-7.388441808147313,"Log Data Loss":-8.35652036540115,"_wandb":{"runtime":135},"_runtime":135.250069499,"Log PDE Loss":-4.453713238697501,"_step":5999,"Log IC Loss":-8.671445377012683,"_timestamp":1.7551158622997468e+09,"Log Loss":-7.781736191681831}