{"_step":5999,"_wandb":{"runtime":151},"_timestamp":1.7552057730902374e+09,"Log Loss":-4.495163554374455,"Log Data Loss":-4.512176945566885,"Log PDE Loss":-4.422197294914867,"Log IC Loss":-8.42485076848482,"_runtime":151.548418051,"Log BC Loss":-7.418408187439447}