{"_wandb":{"runtime":136},"_timestamp":1.7570192174118264e+09,"Log Loss":-3.4113231346544066,"Log Data Loss":-3.5006549587384956,"_step":5999,"Log IC Loss":-4.613338018345983,"Log BC Loss":-5.572321346633045,"Log PDE Loss":-1.7212280865936505,"_runtime":136.822830943}