{"Log BC Loss":-5.726208321116621,"Log PDE Loss":-4.2707152674471525,"_timestamp":1.7550296446935668e+09,"Log Data Loss":-7.4109679208869235,"_wandb":{"runtime":143},"_runtime":143.200573495,"_step":5999,"Log Loss":-7.073139166415424,"Log IC Loss":-9.418426510455433}