{"Log IC Loss":-6.912499565575329,"_wandb":{"runtime":176},"Predicted K":4.838480472564697,"_timestamp":1.7507739414295197e+09,"Log Loss":-6.321244321194964,"Log Data Loss":-6.857669566855633,"Log PDE Loss":-2.596594964282071,"Log BC Loss":-9.438045722088921,"_runtime":176.5839764,"_step":4999}