{"_wandb":{"runtime":1756},"_runtime":1756.2215222,"Log BC Loss":-12.887221668098729,"_timestamp":1.7506864904297414e+09,"Log IC Loss":-12.419303006530793,"Log Loss":-8.05893318210893,"_step":4999,"Log Data Loss":-9.584905460724443,"Log PDE Loss":-5.34520076618239}