{"Log BC Loss":-7.4256725456746,"_runtime":176.625918901,"_step":5999,"Log PDE Loss":-4.502613632118573,"Log IC Loss":-8.659129270433265,"Log Data Loss":-8.184631909283734,"Log Loss":-7.700059998852236,"_timestamp":1.7551186572980664e+09,"_wandb":{"runtime":176}}