{"_step":9999,"Log Loss":-9.326970076789179,"Log ODE Loss":-7.480654812203671,"Log Data Loss":-10.331116559727139,"_wandb":{"runtime":84},"_timestamp":1.754055263376755e+09,"_runtime":84.593807954}