{"Log BC Loss":-5.291909509069353,"Log Data Loss":-7.828973355976324,"Log IC Loss":-6.444597941193956,"_timestamp":1.7506969276226258e+09,"_runtime":21.4277809,"_step":1002,"Log Loss":-7.3464354757037915,"Log PDE Loss":-0.7330035097978731,"_wandb":{"runtime":22}}