{"_step":5999,"Log IC Loss":-9.323681373168753,"_timestamp":1.7532160378661947e+09,"Log PDE Loss":-4.352756203085313,"Log Data Loss":-6.229327015291731,"_wandb":{"runtime":179},"_runtime":179.022233057,"Log BC Loss":-7.822097615036436,"Log Loss":-6.133605422077119}