{"_runtime":133.86128128000001,"_timestamp":1.7551175329776247e+09,"Log PDE Loss":-4.448273373119156,"Log IC Loss":-8.6534825564621,"_wandb":{"runtime":133},"Log Data Loss":-8.189952422019495,"_step":5999,"Log Loss":-7.6825383898360755,"Log BC Loss":-7.393853134120861}