{"Log ODE Loss":-9.15507696984401,"Log Data Loss":-11.388653149960737,"_timestamp":1.75157236020969e+09,"_runtime":79.832783735,"_step":9999,"_wandb":{"runtime":79},"Log Loss":-10.729415231927279}