{"_wandb":{"runtime":30},"Log Loss":-10.700404035655524,"Log ODE Loss":-5.49686632119098,"Log Data Loss":-10.901192672292538,"_timestamp":1.7569483861371315e+09,"_runtime":30.258947998,"_step":14999}