{"Log Loss":-6.708711513240707,"_runtime":135.230444542,"_wandb":{"runtime":135},"Log BC Loss":-6.795771444185921,"Log Data Loss":-8.08063155473761,"_timestamp":1.7552647392994604e+09,"Log IC Loss":-4.898805845835891,"_step":5999,"Log PDE Loss":-2.900397715747099}