{"Log Loss":-5.48357393450605,"Log ODE Loss":-5.555933220680951,"Log Data Loss":-5.581208498269644,"_timestamp":1.754071747896578e+09,"_wandb":{"runtime":908},"_runtime":908.220704061,"_step":9999}