{"_timestamp":1.756948999214263e+09,"_runtime":29.934187337,"_step":14999,"_wandb":{"runtime":29},"Log Loss":-11.040195822541191,"Log ODE Loss":-9.25527624059753,"Log Data Loss":-11.04617276231963}