{"Log ODE Loss":-6.302785011514014,"Log Data Loss":-6.649479806099666,"_timestamp":1.7539783535496604e+09,"_runtime":648.786740488,"_step":9999,"_wandb":{"runtime":648},"Log Loss":-6.5171904907819}