{"_runtime":126.898243652,"_step":5999,"Log BC Loss":-4.900768919081646,"Log Data Loss":-3.5690758371916864,"Log Loss":-3.475919836605333,"_wandb":{"runtime":126},"_timestamp":1.7552924662593763e+09,"Log IC Loss":-4.434478589676906,"Log PDE Loss":-1.7686448852505976}