{"Log Data Loss":-4.131905335297955,"Log PDE Loss":-2.2911753314762806,"Log IC Loss":-5.257457166180333,"_timestamp":1.7552919055174718e+09,"_wandb":{"runtime":129},"Log BC Loss":-5.86158694959046,"_step":5999,"Log Loss":-4.037017764480199,"_runtime":129.271485136}