{"Log PDE Loss":-3.9938392726553382,"_wandb":{"runtime":181},"_runtime":181.550474212,"Log BC Loss":-7.180918768504667,"Log Loss":-2.3686810638550333,"_timestamp":1.7570195367120976e+09,"Log IC Loss":-7.976845344196788,"_step":5999,"Log Data Loss":-2.3717569498300692}