{"_wandb":{"runtime":129},"Log PDE Loss":-3.760722794562125,"_timestamp":1.7552907691720948e+09,"_runtime":129.332302825,"Log Loss":-6.046571894004783,"Log BC Loss":-6.968907251870728,"Log Data Loss":-6.2175142708986,"Log IC Loss":-6.618650005424649,"_step":5999}