{"Log Data Loss":-5.283992708536943,"_timestamp":1.7540616506571615e+09,"_runtime":98.429352126,"_step":9999,"Log Loss":-5.244139199346918,"Log ODE Loss":-6.183959838917594,"_wandb":{"runtime":98}}