{"_timestamp":1.754065294546651e+09,"_runtime":942.668174943,"_wandb":{"runtime":942},"_step":9999,"Log Loss":-7.020790178901293,"Log ODE Loss":-7.397526542621892,"Log Data Loss":-7.091867041311456}