{"_runtime":17.8816819,"_wandb":{"runtime":19},"Log Loss":-3.079032737279186,"Log BC Loss":-2.9798348103856833,"_timestamp":1.7506966252880714e+09,"Log Data Loss":-4.411943219677782,"Log IC Loss":1.000088900581841e-12,"_step":1002,"Log PDE Loss":3.2066245701101415}