{"_step":1999,"Log BC Loss":-9.771182581075871,"Log IC Loss":-4.693445070365504,"Predicted K":4.233174800872803,"Log Loss":-5.149515042807205,"Log Data Loss":-5.754178262065935,"_runtime":30.46083775,"Log PDE Loss":-2.947515431966707,"_timestamp":1.7507732030346162e+09,"_wandb":{"runtime":30}}