{"Log Data Loss":-2.8183833059989256,"_runtime":183.742101843,"Log BC Loss":-7.076140002693467,"Log Loss":-2.814070519364327,"_wandb":{"runtime":183},"Log IC Loss":-8.12718301686452,"Log PDE Loss":-4.107894552233212,"_step":5999,"_timestamp":1.7570189394161618e+09}