{"Log Loss":-6.092074348618318,"_wandb":{"runtime":135},"_timestamp":1.75701815744091e+09,"Log IC Loss":-4.252155776594343,"_runtime":135.787585552,"Log PDE Loss":-2.3489967929875175,"Log Data Loss":-7.342364732726265,"Log BC Loss":-5.549639972938957,"_step":5999}