{"_wandb":{"runtime":27},"_step":14999,"Log Loss":-10.922710736547831,"Log ODE Loss":-6.164265529888963,"Log Data Loss":-11.046647808595377,"_timestamp":1.753972479350254e+09,"_runtime":27.976031474}