{"Log Data Loss":-7.42697969131218,"_timestamp":1.7552794258532803e+09,"_step":5999,"Log Loss":-5.761215408970281,"_wandb":{"runtime":142},"Log BC Loss":-4.174489882693486,"Log PDE Loss":-1.9280915663385692,"Log IC Loss":-3.830027725405888,"_runtime":142.842315934}