{"_timestamp":1.7550304796976771e+09,"_runtime":188.58010828,"Log Loss":-7.333338030175545,"Log BC Loss":-7.794473165946744,"Log Data Loss":-7.687376549689926,"_step":5999,"Log PDE Loss":-4.369452903973425,"_wandb":{"runtime":188},"Log IC Loss":-9.412765230678085}