{"Log ODE Loss":-5.71813871563329,"Log Data Loss":-11.283860938692754,"_timestamp":1.7527715876010163e+09,"_runtime":29.386436474,"_step":14999,"Log Loss":-11.051707039627887,"_wandb":{"runtime":29}}