{"_wandb":{"runtime":46},"_timestamp":1.7504482623167753e+09,"_step":99,"Log PDE Loss":-5.423019000391713,"Log IC Loss":-3.8868014230621726,"Log BC Loss":-6.116169979001739,"_runtime":46.1374564,"Log Loss":-3.765366693918068,"Log Data Loss":-2.8193939725838946}