{"Log IC Loss":-5.864166874242885,"Log BC Loss":-9.825413301717246,"Log Data Loss":-6.287504202560151,"_runtime":61.377850609,"Log Loss":-5.478800231717543,"_timestamp":1.7507734118709664e+09,"_wandb":{"runtime":61},"Predicted K":4.7125654220581055,"_step":4999,"Log PDE Loss":-3.0738897917447985}