{"_timestamp":1.7526927250842168e+09,"_runtime":66.194098303,"_step":49999,"Log Loss":-10.641354566755595,"Log ODE Loss":-10.246451187062608,"Log Data Loss":-10.802021222248058,"_wandb":{"runtime":66}}