{"Log Loss":-5.834758335366292,"Log PDE Loss":-3.590433240644142,"_timestamp":1.7540748084359546e+09,"Log Data Loss":-6.573346005120177,"Log IC Loss":-8.918408604036784,"Log BC Loss":-13.234498870036242,"_runtime":1346.689581292,"_wandb":{"runtime":1346},"_step":3199}