{"_wandb":{"runtime":52},"_runtime":52.154072845,"Log Loss":-8.916595451793624,"_timestamp":1.7507868641746302e+09,"Log IC Loss":-6.706246168113271,"Log Data Loss":-11.480416376876637,"Predicted K":2.70194673538208,"_step":4999,"Log BC Loss":-10.701417123798098,"Log PDE Loss":-4.401674529853043}