{"_timestamp":1.755198163097315e+09,"Log Loss":-5.379834200936859,"Log PDE Loss":-4.155892664142193,"Log BC Loss":-7.327774185308455,"_runtime":120.799157,"_wandb":{"runtime":120},"Log IC Loss":-7.833505507285898,"_step":5999,"Log Data Loss":-5.434600844739393}