{"Log IC Loss":-6.510850237045058,"_timestamp":1.7552797631669035e+09,"_runtime":144.342795562,"Log Loss":-2.837397360405012,"_wandb":{"runtime":144},"Log Data Loss":-2.849188390881269,"Log PDE Loss":-3.123383297215612,"Log BC Loss":-6.755419565920188,"_step":5999}