{"_timestamp":1.7551192401098669e+09,"Log IC Loss":-8.634649506077622,"Log BC Loss":-7.424931058000773,"Log PDE Loss":-4.497575433022583,"Log Loss":-7.451448709995365,"Log Data Loss":-7.809600776465863,"_step":5999,"_runtime":177.028724705,"_wandb":{"runtime":177}}