{"_wandb":{"runtime":39},"_runtime":34.509604929,"Log PDE Loss":1.000088900581841e-12,"Log Data Loss":-6.330531742778662,"_timestamp":1.7537316063708844e+09,"_step":1000,"Log IC Loss":-10.030333196864596,"Log BC Loss":1.000088900581841e-12,"Log Loss":-6.306104081592097}