{"_runtime":135.742931868,"_wandb":{"runtime":135},"Log Data Loss":-2.2107467453449776,"Log PDE Loss":-0.18109359705595435,"Log Loss":-2.0934685305475758,"Log BC Loss":-2.912776660327473,"Log IC Loss":-2.844732780421423,"_step":5999,"_timestamp":1.7570215955882702e+09}