{"Log IC Loss":-7.099610073963628,"_wandb":{"runtime":235},"Log Loss":-8.488910766283368,"Log BC Loss":-7.239731537243106,"_timestamp":1.7525869270450206e+09,"Log PDE Loss":-4.569523711061727,"Log Data Loss":-10.264041207469043,"_runtime":235.602031127,"_step":9999}