{"Log BC Loss":-7.1520768013024085,"_timestamp":1.7570124073322597e+09,"Log PDE Loss":-4.314953403832477,"Log Loss":-7.5692708579277115,"_runtime":185.00785273,"_step":5999,"Log IC Loss":-8.489288260795576,"Log Data Loss":-8.092997730801093,"_wandb":{"runtime":185}}