{"Log PDE Loss":-0.8257658466880939,"Log BC Loss":0.5735942065334069,"Log Data Loss":-4.839510332600339,"_step":652,"Log IC Loss":-0.1856344763535805,"_timestamp":1.7552763649891117e+09,"Log Loss":-3.205675157038418,"_wandb":{"runtime":30},"_runtime":29.937749152}