{"Log Loss":-7.838222994547492,"_wandb":{"runtime":21},"Log BC Loss":1.000088900581841e-12,"Log Data Loss":-7.842078121296353,"Log PDE Loss":1.000088900581841e-12,"_step":1000,"_runtime":20.7910245,"Log IC Loss":-6.490738042867235,"_timestamp":1.7506972231126184e+09}