{"_wandb":{"runtime":1248},"_step":39999,"Log ODE Loss":-8.258929205515582,"_runtime":1248.762969634,"Log valIC Loss":-9.180322668618954,"Log Data Loss":-9.900993436520698,"Log valLoss":-5.698590024364244,"Log IC Loss":-10.466756969444617,"Log Loss":-7.993861464874769,"Log valODE Loss":-6.145284358553073,"Log valData Loss":-6.808749300255714,"_timestamp":1.7549372116333315e+09}