{"_runtime":129.692612793,"Log IC Loss":-7.1424534358840726,"_timestamp":1.7551170906170657e+09,"_step":5999,"_wandb":{"runtime":129},"Log Data Loss":-8.464554331977597,"Log Loss":-7.707490631558899,"Log PDE Loss":-4.209203300443648,"Log BC Loss":-7.1489367933488825}