{"_wandb":{"runtime":37},"Log IC Loss":-4.995401281474043,"_timestamp":1.7515712212653515e+09,"_step":1147,"Log Data Loss":-7.636755542357185,"_runtime":37.112203124,"Log Loss":-6.6754175674451455,"Log PDE Loss":-3.0550057740368968,"Log BC Loss":-7.678233354419215}