{"Log PDE Loss":-4.182729440181908,"Log Loss":-6.5547207979264055,"Log IC Loss":-9.31396399378598,"_wandb":{"runtime":1146},"_timestamp":1.75407595545992e+09,"_step":3199,"Log BC Loss":-11.788968963040153,"Log Data Loss":-7.482679772378597,"_runtime":1146.512339839}