{"Log IC Loss":-6.446688090721699,"Log PDE Loss":-0.7726573731367816,"_timestamp":1.7504478623007958e+09,"Log BC Loss":-7.8986907541820575,"_wandb":{"runtime":265},"Log Loss":-6.23634532624004,"_runtime":263.5885007,"_step":99,"Log Data Loss":-2.7692273117321844}