{"Log Loss":-9.038438754222625,"Log ODE Loss":-7.27619645522031,"Log Data Loss":-9.912025808900381,"_timestamp":1.7540669658833473e+09,"_runtime":95.214179028,"_step":9999,"_wandb":{"runtime":95}}