{"_step":14999,"Log Loss":-11.953994185005508,"_wandb":{"runtime":12},"Log ODE Loss":-9.430411398272094,"Log Data Loss":-11.966545818488546,"_timestamp":1.7557318482416887e+09,"_runtime":12.11427978}