{"Log Data Loss":-5.3050578711401695,"Log BC Loss":-2.512786923112182,"_runtime":136.324438261,"_wandb":{"runtime":136},"Log IC Loss":-2.5149494500748037,"_timestamp":1.7570217326761959e+09,"_step":5999,"Log Loss":-4.176590054590324,"Log PDE Loss":-0.5372538518822833}