{"_wandb":{"runtime":124},"_step":5999,"Log IC Loss":-2.4570051575247915,"_timestamp":1.7552959684463692e+09,"Log PDE Loss":-0.08895047179781049,"Log Data Loss":-5.0455120110546465,"_runtime":124.03929133,"Log BC Loss":-1.8736985671522888,"Log Loss":-3.7918435511763393}