{"_timestamp":1.7570211385262597e+09,"_runtime":135.402554606,"_step":5999,"Log Data Loss":-5.769380045473211,"Log Loss":-4.515881579496387,"_wandb":{"runtime":135},"Log IC Loss":-2.9116745206045436,"Log PDE Loss":-0.8229613922641766,"Log BC Loss":-2.6860661134898653}