{"_step":49999,"_wandb":{"runtime":53},"Log Loss":-5.21864087267047,"Log ODE Loss":-6.07847515059218,"Log Data Loss":-5.768956493786192,"_timestamp":1.7526818674995408e+09,"_runtime":53.13888296}