{"Log IC Loss":-4.94188652783298,"Log BC Loss":-4.713982173781809,"_timestamp":1.7552827861836314e+09,"_step":5999,"Log Data Loss":-1.2411010103478306,"_runtime":132.866642441,"Log PDE Loss":-1.553463895806876,"_wandb":{"runtime":132},"Log Loss":-1.229633969547876}