{"Log Loss":2.3989631644241203,"Log PDE Loss":2.3650340779105212,"Log IC Loss":-1.0253906002106523,"Log BC Loss":-4.744899294193607,"_timestamp":1.7492500818816323e+09,"_runtime":26.049595867,"_step":21,"_wandb":{"runtime":27}}