{"_wandb":{"runtime":27},"_timestamp":1.750772815463461e+09,"_step":0,"Predicted K":0.03974565491080284,"Log Loss":0.24925757010186356,"Log Data Loss":-2.1888329807988844,"_runtime":26.631997401,"Log PDE Loss":0.0775159123732788,"Log IC Loss":-3.127141116973828,"Log BC Loss":-3.0665249571010027}