{"Param Diff Sum":-5.328656727949068,"_timestamp":1.7526941381279027e+09,"_runtime":70.424998184,"_step":49999,"_wandb":{"runtime":70},"Log Loss":-10.224283488389714,"Log ODE Loss":-9.877476322306801,"Log Data Loss":-10.376798952364867}