{"Log Loss":-10.003094157434086,"Log ODE Loss":-4.574862246974547,"Log Data Loss":-10.261536178151953,"_wandb":{"runtime":17},"_timestamp":1.7556319899838545e+09,"_runtime":17.848766623,"_step":14999}