{"_runtime":4135.055610886,"_step":39999,"Log Loss":-9.904712216223077,"Log ODE Loss":-10.44633175305426,"Log IC Loss":-13.986525795258064,"_wandb":{"runtime":4135},"Log Data Loss":-10.817713525096519,"_timestamp":1.7524225881562428e+09}