{"_runtime":11.798054903,"_step":9999,"Log Loss":-12.874476388208272,"_wandb":{"runtime":11},"Log ODE Loss":-7.62091962044624,"Log Data Loss":-13.086736013565801,"_timestamp":1.749228023491567e+09}