{"Log Data Loss":-9.183248277600827,"_timestamp":1.7549380605264468e+09,"_runtime":260.142591074,"_step":12355,"Log Loss":-7.743148416341023,"_wandb":{"runtime":260},"Log ODE Loss":-8.017516220142719,"Log IC Loss":-13.537913857275798}