{"Log IC Loss":-2.8058953375984115,"_step":5999,"Log Loss":-1.6811638183246311,"Log Data Loss":-1.7863959304684145,"_timestamp":1.7570227881727195e+09,"Log BC Loss":-2.2330680962974823,"_runtime":135.978128639,"Log PDE Loss":0.12030983261206135,"_wandb":{"runtime":136}}