{"_wandb":{"runtime":54},"_runtime":54.980360722,"_step":49999,"Log Loss":-12.150144756682295,"Log ODE Loss":-10.617384804586978,"Log Data Loss":-12.197560750224236,"_timestamp":1.7526921205546403e+09}