{"Log Loss":-13.951478255328883,"Log ODE Loss":-9.916280595438524,"Log Data Loss":-14.785131831439326,"_timestamp":1.7492212256224065e+09,"_runtime":11.849161587,"_step":9999,"_wandb":{"runtime":11}}