{"Log BC Loss":-7.100744015689362,"Log Data Loss":-6.749817308137645,"Log IC Loss":-8.439379810128937,"_runtime":142.861578401,"Log PDE Loss":-4.238920555772279,"Log Loss":-6.572821691048331,"_step":5999,"_timestamp":1.75701668485527e+09,"_wandb":{"runtime":142}}