{"_step":5999,"Log IC Loss":-4.729893658816731,"_runtime":171.288170668,"Log Data Loss":-10.17232940318054,"_timestamp":1.7556273157877522e+09,"Log Loss":-7.290876719386803,"Log PDE Loss":-3.3162333523509533,"_wandb":{"runtime":171},"Log BC Loss":-6.821224522721922}