{"Log Data Loss":-7.182817254321619,"_wandb":{"runtime":204},"_runtime":204.563454093,"Log Loss":-6.513405577025756,"_timestamp":1.7515530075631945e+09,"_step":6999,"Log BC Loss":-8.631819327688968,"Log PDE Loss":-4.968069232268475,"Log IC Loss":-9.170782584218994}