{"Log Data Loss":-6.658486150457582,"Log PDE Loss":-4.837197102312778,"Log IC Loss":-7.936062996415818,"Log BC Loss":-6.468610701271241,"_step":3999,"_wandb":{"runtime":87},"_timestamp":1.7515592295811446e+09,"_runtime":87.889598373,"Log Loss":-6.089337023742903}