{"_runtime":45.552196204,"_step":5999,"Log IC Loss":-5.016085620471133,"Log BC Loss":-9.16642059486943,"Log Loss":-6.70123732660849,"Log Data Loss":-7.73550954503945,"_wandb":{"runtime":45},"Log PDE Loss":-3.0296187474235476,"_timestamp":1.7560638945611463e+09}