{"_timestamp":1.7570219144079657e+09,"Log Loss":-1.1916894912172549,"Log IC Loss":-7.092026385599901,"_runtime":181.134535592,"_step":5999,"Log PDE Loss":-3.5198376423778157,"Log BC Loss":-6.787275917106328,"Log Data Loss":-1.193217337887783,"_wandb":{"runtime":181}}