{"Log Data Loss":-11.081704557379389,"_wandb":{"runtime":29},"_timestamp":1.7569486699034493e+09,"_runtime":29.732483088,"_step":14999,"Log Loss":-11.06273786931346,"Log ODE Loss":-8.129523821284328}