{"_runtime":134.970934524,"_step":5999,"Log BC Loss":-6.821224522721922,"Log IC Loss":-4.729893658816731,"_timestamp":1.7570157563188536e+09,"Log PDE Loss":-3.3162333523509533,"Log Loss":-7.290876719386803,"Log Data Loss":-10.17232940318054,"_wandb":{"runtime":134}}