{"Log IC Loss":-8.43677846894785,"_step":5999,"Log PDE Loss":-4.414917964391522,"_runtime":152.247746402,"Log BC Loss":-7.41416644305099,"_timestamp":1.7552052631380937e+09,"_wandb":{"runtime":152},"Log Loss":-4.74734337633879,"Log Data Loss":-4.7694456529495275}